mode,l,m,n,theory,operator,derivative_order,parity,branch,k,coefficient_re,coefficient_im,maximum_fit_order,source_file,source_commit,source_repository,source_paper,license
220,2,2,0,cubic_even,lambda_ev,6,preserving,plus,0,-0.14409,0.16157,10,cubic_even_plus_l2_m2_n0.txt,0afe6281bec6a6224bfd55fe4600d5966c6a7135,https://github.com/pacmn91/BeyondKerrQNM,https://arxiv.org/abs/2409.04517,GPL-3.0
220,2,2,0,cubic_even,lambda_ev,6,preserving,plus,1,0.58999,0.3894,10,cubic_even_plus_l2_m2_n0.txt,0afe6281bec6a6224bfd55fe4600d5966c6a7135,https://github.com/pacmn91/BeyondKerrQNM,https://arxiv.org/abs/2409.04517,GPL-3.0
220,2,2,0,cubic_even,lambda_ev,6,preserving,plus,2,1.3152,-0.91048,10,cubic_even_plus_l2_m2_n0.txt,0afe6281bec6a6224bfd55fe4600d5966c6a7135,https://github.com/pacmn91/BeyondKerrQNM,https://arxiv.org/abs/2409.04517,GPL-3.0
220,2,2,0,cubic_even,lambda_ev,6,preserving,plus,3,-0.54371,-2.1421,10,cubic_even_plus_l2_m2_n0.txt,0afe6281bec6a6224bfd55fe4600d5966c6a7135,https://github.com/pacmn91/BeyondKerrQNM,https://arxiv.org/abs/2409.04517,GPL-3.0
220,2,2,0,cubic_even,lambda_ev,6,preserving,plus,4,-2.3368,-0.021544,10,cubic_even_plus_l2_m2_n0.txt,0afe6281bec6a6224bfd55fe4600d5966c6a7135,https://github.com/pacmn91/BeyondKerrQNM,https://arxiv.org/abs/2409.04517,GPL-3.0
220,2,2,0,cubic_even,lambda_ev,6,preserving,plus,5,-0.61252,1.9219,10,cubic_even_plus_l2_m2_n0.txt,0afe6281bec6a6224bfd55fe4600d5966c6a7135,https://github.com/pacmn91/BeyondKerrQNM,https://arxiv.org/abs/2409.04517,GPL-3.0
220,2,2,0,cubic_even,lambda_ev,6,preserving,plus,6,0.78252,0.84508,10,cubic_even_plus_l2_m2_n0.txt,0afe6281bec6a6224bfd55fe4600d5966c6a7135,https://github.com/pacmn91/BeyondKerrQNM,https://arxiv.org/abs/2409.04517,GPL-3.0
220,2,2,0,cubic_even,lambda_ev,6,preserving,plus,7,0.20179,0.25206,10,cubic_even_plus_l2_m2_n0.txt,0afe6281bec6a6224bfd55fe4600d5966c6a7135,https://github.com/pacmn91/BeyondKerrQNM,https://arxiv.org/abs/2409.04517,GPL-3.0
220,2,2,0,cubic_even,lambda_ev,6,preserving,plus,8,0.21226,0.51545,10,cubic_even_plus_l2_m2_n0.txt,0afe6281bec6a6224bfd55fe4600d5966c6a7135,https://github.com/pacmn91/BeyondKerrQNM,https://arxiv.org/abs/2409.04517,GPL-3.0
220,2,2,0,cubic_even,lambda_ev,6,preserving,plus,9,0.35287,0.20356,10,cubic_even_plus_l2_m2_n0.txt,0afe6281bec6a6224bfd55fe4600d5966c6a7135,https://github.com/pacmn91/BeyondKerrQNM,https://arxiv.org/abs/2409.04517,GPL-3.0
220,2,2,0,cubic_even,lambda_ev,6,preserving,plus,10,0.1263,0.010126,10,cubic_even_plus_l2_m2_n0.txt,0afe6281bec6a6224bfd55fe4600d5966c6a7135,https://github.com/pacmn91/BeyondKerrQNM,https://arxiv.org/abs/2409.04517,GPL-3.0
220,2,2,0,cubic_even,lambda_ev,6,preserving,minus,0,0.24606,-0.13213,10,cubic_even_minus_l2_m2_n0.txt,0afe6281bec6a6224bfd55fe4600d5966c6a7135,https://github.com/pacmn91/BeyondKerrQNM,https://arxiv.org/abs/2409.04517,GPL-3.0
220,2,2,0,cubic_even,lambda_ev,6,preserving,minus,1,-0.28759,-0.5724,10,cubic_even_minus_l2_m2_n0.txt,0afe6281bec6a6224bfd55fe4600d5966c6a7135,https://github.com/pacmn91/BeyondKerrQNM,https://arxiv.org/abs/2409.04517,GPL-3.0
220,2,2,0,cubic_even,lambda_ev,6,preserving,minus,2,-1.3746,0.32991,10,cubic_even_minus_l2_m2_n0.txt,0afe6281bec6a6224bfd55fe4600d5966c6a7135,https://github.com/pacmn91/BeyondKerrQNM,https://arxiv.org/abs/2409.04517,GPL-3.0
220,2,2,0,cubic_even,lambda_ev,6,preserving,minus,3,-0.23873,1.9743,10,cubic_even_minus_l2_m2_n0.txt,0afe6281bec6a6224bfd55fe4600d5966c6a7135,https://github.com/pacmn91/BeyondKerrQNM,https://arxiv.org/abs/2409.04517,GPL-3.0
220,2,2,0,cubic_even,lambda_ev,6,preserving,minus,4,1.7794,0.78686,10,cubic_even_minus_l2_m2_n0.txt,0afe6281bec6a6224bfd55fe4600d5966c6a7135,https://github.com/pacmn91/BeyondKerrQNM,https://arxiv.org/abs/2409.04517,GPL-3.0
220,2,2,0,cubic_even,lambda_ev,6,preserving,minus,5,0.83809,-1.1266,10,cubic_even_minus_l2_m2_n0.txt,0afe6281bec6a6224bfd55fe4600d5966c6a7135,https://github.com/pacmn91/BeyondKerrQNM,https://arxiv.org/abs/2409.04517,GPL-3.0
220,2,2,0,cubic_even,lambda_ev,6,preserving,minus,6,-0.43946,-0.49117,10,cubic_even_minus_l2_m2_n0.txt,0afe6281bec6a6224bfd55fe4600d5966c6a7135,https://github.com/pacmn91/BeyondKerrQNM,https://arxiv.org/abs/2409.04517,GPL-3.0
220,2,2,0,cubic_even,lambda_ev,6,preserving,minus,7,0.012819,0.024854,10,cubic_even_minus_l2_m2_n0.txt,0afe6281bec6a6224bfd55fe4600d5966c6a7135,https://github.com/pacmn91/BeyondKerrQNM,https://arxiv.org/abs/2409.04517,GPL-3.0
220,2,2,0,cubic_even,lambda_ev,6,preserving,minus,8,-0.013392,-0.29425,10,cubic_even_minus_l2_m2_n0.txt,0afe6281bec6a6224bfd55fe4600d5966c6a7135,https://github.com/pacmn91/BeyondKerrQNM,https://arxiv.org/abs/2409.04517,GPL-3.0
220,2,2,0,cubic_even,lambda_ev,6,preserving,minus,9,-0.2198,-0.097137,10,cubic_even_minus_l2_m2_n0.txt,0afe6281bec6a6224bfd55fe4600d5966c6a7135,https://github.com/pacmn91/BeyondKerrQNM,https://arxiv.org/abs/2409.04517,GPL-3.0
220,2,2,0,cubic_even,lambda_ev,6,preserving,minus,10,-0.021756,0.015813,10,cubic_even_minus_l2_m2_n0.txt,0afe6281bec6a6224bfd55fe4600d5966c6a7135,https://github.com/pacmn91/BeyondKerrQNM,https://arxiv.org/abs/2409.04517,GPL-3.0
220,2,2,0,cubic_odd,lambda_odd,6,breaking,plus,0,0.19707,-0.15085,11,cubic_odd_plus_l2_m2_n0.txt,0afe6281bec6a6224bfd55fe4600d5966c6a7135,https://github.com/pacmn91/BeyondKerrQNM,https://arxiv.org/abs/2409.04517,GPL-3.0
220,2,2,0,cubic_odd,lambda_odd,6,breaking,plus,1,-0.44696,-0.49179,11,cubic_odd_plus_l2_m2_n0.txt,0afe6281bec6a6224bfd55fe4600d5966c6a7135,https://github.com/pacmn91/BeyondKerrQNM,https://arxiv.org/abs/2409.04517,GPL-3.0
220,2,2,0,cubic_odd,lambda_odd,6,breaking,plus,2,-1.3765,0.62739,11,cubic_odd_plus_l2_m2_n0.txt,0afe6281bec6a6224bfd55fe4600d5966c6a7135,https://github.com/pacmn91/BeyondKerrQNM,https://arxiv.org/abs/2409.04517,GPL-3.0
220,2,2,0,cubic_odd,lambda_odd,6,breaking,plus,3,0.12842,2.1102,11,cubic_odd_plus_l2_m2_n0.txt,0afe6281bec6a6224bfd55fe4600d5966c6a7135,https://github.com/pacmn91/BeyondKerrQNM,https://arxiv.org/abs/2409.04517,GPL-3.0
220,2,2,0,cubic_odd,lambda_odd,6,breaking,plus,4,2.079,0.47013,11,cubic_odd_plus_l2_m2_n0.txt,0afe6281bec6a6224bfd55fe4600d5966c6a7135,https://github.com/pacmn91/BeyondKerrQNM,https://arxiv.org/abs/2409.04517,GPL-3.0
220,2,2,0,cubic_odd,lambda_odd,6,breaking,plus,5,0.77087,-1.4881,11,cubic_odd_plus_l2_m2_n0.txt,0afe6281bec6a6224bfd55fe4600d5966c6a7135,https://github.com/pacmn91/BeyondKerrQNM,https://arxiv.org/abs/2409.04517,GPL-3.0
220,2,2,0,cubic_odd,lambda_odd,6,breaking,plus,6,-0.57346,-0.66507,11,cubic_odd_plus_l2_m2_n0.txt,0afe6281bec6a6224bfd55fe4600d5966c6a7135,https://github.com/pacmn91/BeyondKerrQNM,https://arxiv.org/abs/2409.04517,GPL-3.0
220,2,2,0,cubic_odd,lambda_odd,6,breaking,plus,7,-0.075222,-0.11322,11,cubic_odd_plus_l2_m2_n0.txt,0afe6281bec6a6224bfd55fe4600d5966c6a7135,https://github.com/pacmn91/BeyondKerrQNM,https://arxiv.org/abs/2409.04517,GPL-3.0
220,2,2,0,cubic_odd,lambda_odd,6,breaking,plus,8,-0.10209,-0.3372,11,cubic_odd_plus_l2_m2_n0.txt,0afe6281bec6a6224bfd55fe4600d5966c6a7135,https://github.com/pacmn91/BeyondKerrQNM,https://arxiv.org/abs/2409.04517,GPL-3.0
220,2,2,0,cubic_odd,lambda_odd,6,breaking,plus,9,-0.25517,-0.11966,11,cubic_odd_plus_l2_m2_n0.txt,0afe6281bec6a6224bfd55fe4600d5966c6a7135,https://github.com/pacmn91/BeyondKerrQNM,https://arxiv.org/abs/2409.04517,GPL-3.0
220,2,2,0,cubic_odd,lambda_odd,6,breaking,plus,10,-0.049002,-0.22811,11,cubic_odd_plus_l2_m2_n0.txt,0afe6281bec6a6224bfd55fe4600d5966c6a7135,https://github.com/pacmn91/BeyondKerrQNM,https://arxiv.org/abs/2409.04517,GPL-3.0
220,2,2,0,cubic_odd,lambda_odd,6,breaking,plus,11,0.0,-0.22804,11,cubic_odd_plus_l2_m2_n0.txt,0afe6281bec6a6224bfd55fe4600d5966c6a7135,https://github.com/pacmn91/BeyondKerrQNM,https://arxiv.org/abs/2409.04517,GPL-3.0
220,2,2,0,cubic_odd,lambda_odd,6,breaking,minus,0,-0.19707,0.15085,11,cubic_odd_minus_l2_m2_n0.txt,0afe6281bec6a6224bfd55fe4600d5966c6a7135,https://github.com/pacmn91/BeyondKerrQNM,https://arxiv.org/abs/2409.04517,GPL-3.0
220,2,2,0,cubic_odd,lambda_odd,6,breaking,minus,1,0.44696,0.49179,11,cubic_odd_minus_l2_m2_n0.txt,0afe6281bec6a6224bfd55fe4600d5966c6a7135,https://github.com/pacmn91/BeyondKerrQNM,https://arxiv.org/abs/2409.04517,GPL-3.0
220,2,2,0,cubic_odd,lambda_odd,6,breaking,minus,2,1.3765,-0.62739,11,cubic_odd_minus_l2_m2_n0.txt,0afe6281bec6a6224bfd55fe4600d5966c6a7135,https://github.com/pacmn91/BeyondKerrQNM,https://arxiv.org/abs/2409.04517,GPL-3.0
220,2,2,0,cubic_odd,lambda_odd,6,breaking,minus,3,-0.12842,-2.1102,11,cubic_odd_minus_l2_m2_n0.txt,0afe6281bec6a6224bfd55fe4600d5966c6a7135,https://github.com/pacmn91/BeyondKerrQNM,https://arxiv.org/abs/2409.04517,GPL-3.0
220,2,2,0,cubic_odd,lambda_odd,6,breaking,minus,4,-2.079,-0.47013,11,cubic_odd_minus_l2_m2_n0.txt,0afe6281bec6a6224bfd55fe4600d5966c6a7135,https://github.com/pacmn91/BeyondKerrQNM,https://arxiv.org/abs/2409.04517,GPL-3.0
220,2,2,0,cubic_odd,lambda_odd,6,breaking,minus,5,-0.77087,1.4881,11,cubic_odd_minus_l2_m2_n0.txt,0afe6281bec6a6224bfd55fe4600d5966c6a7135,https://github.com/pacmn91/BeyondKerrQNM,https://arxiv.org/abs/2409.04517,GPL-3.0
220,2,2,0,cubic_odd,lambda_odd,6,breaking,minus,6,0.57346,0.66507,11,cubic_odd_minus_l2_m2_n0.txt,0afe6281bec6a6224bfd55fe4600d5966c6a7135,https://github.com/pacmn91/BeyondKerrQNM,https://arxiv.org/abs/2409.04517,GPL-3.0
220,2,2,0,cubic_odd,lambda_odd,6,breaking,minus,7,0.075222,0.11322,11,cubic_odd_minus_l2_m2_n0.txt,0afe6281bec6a6224bfd55fe4600d5966c6a7135,https://github.com/pacmn91/BeyondKerrQNM,https://arxiv.org/abs/2409.04517,GPL-3.0
220,2,2,0,cubic_odd,lambda_odd,6,breaking,minus,8,0.10209,0.3372,11,cubic_odd_minus_l2_m2_n0.txt,0afe6281bec6a6224bfd55fe4600d5966c6a7135,https://github.com/pacmn91/BeyondKerrQNM,https://arxiv.org/abs/2409.04517,GPL-3.0
220,2,2,0,cubic_odd,lambda_odd,6,breaking,minus,9,0.25517,0.11966,11,cubic_odd_minus_l2_m2_n0.txt,0afe6281bec6a6224bfd55fe4600d5966c6a7135,https://github.com/pacmn91/BeyondKerrQNM,https://arxiv.org/abs/2409.04517,GPL-3.0
220,2,2,0,cubic_odd,lambda_odd,6,breaking,minus,10,0.049002,0.22811,11,cubic_odd_minus_l2_m2_n0.txt,0afe6281bec6a6224bfd55fe4600d5966c6a7135,https://github.com/pacmn91/BeyondKerrQNM,https://arxiv.org/abs/2409.04517,GPL-3.0
220,2,2,0,cubic_odd,lambda_odd,6,breaking,minus,11,0.0,0.22804,11,cubic_odd_minus_l2_m2_n0.txt,0afe6281bec6a6224bfd55fe4600d5966c6a7135,https://github.com/pacmn91/BeyondKerrQNM,https://arxiv.org/abs/2409.04517,GPL-3.0
220,2,2,0,quartic_1,epsilon1,8,preserving,plus,0,-0.16614,-0.24437,15,quartic_1_plus_l2_m2_n0.txt,0afe6281bec6a6224bfd55fe4600d5966c6a7135,https://github.com/pacmn91/BeyondKerrQNM,https://arxiv.org/abs/2409.04517,GPL-3.0
220,2,2,0,quartic_1,epsilon1,8,preserving,plus,1,-0.69292,-0.41977,15,quartic_1_plus_l2_m2_n0.txt,0afe6281bec6a6224bfd55fe4600d5966c6a7135,https://github.com/pacmn91/BeyondKerrQNM,https://arxiv.org/abs/2409.04517,GPL-3.0
220,2,2,0,quartic_1,epsilon1,8,preserving,plus,2,-2.0496,0.23436,15,quartic_1_plus_l2_m2_n0.txt,0afe6281bec6a6224bfd55fe4600d5966c6a7135,https://github.com/pacmn91/BeyondKerrQNM,https://arxiv.org/abs/2409.04517,GPL-3.0
220,2,2,0,quartic_1,epsilon1,8,preserving,plus,3,-1.4688,3.1942,15,quartic_1_plus_l2_m2_n0.txt,0afe6281bec6a6224bfd55fe4600d5966c6a7135,https://github.com/pacmn91/BeyondKerrQNM,https://arxiv.org/abs/2409.04517,GPL-3.0
220,2,2,0,quartic_1,epsilon1,8,preserving,plus,4,3.455,2.4462,15,quartic_1_plus_l2_m2_n0.txt,0afe6281bec6a6224bfd55fe4600d5966c6a7135,https://github.com/pacmn91/BeyondKerrQNM,https://arxiv.org/abs/2409.04517,GPL-3.0
220,2,2,0,quartic_1,epsilon1,8,preserving,plus,5,2.6507,-3.9525,15,quartic_1_plus_l2_m2_n0.txt,0afe6281bec6a6224bfd55fe4600d5966c6a7135,https://github.com/pacmn91/BeyondKerrQNM,https://arxiv.org/abs/2409.04517,GPL-3.0
220,2,2,0,quartic_1,epsilon1,8,preserving,plus,6,-3.6844,-3.3626,15,quartic_1_plus_l2_m2_n0.txt,0afe6281bec6a6224bfd55fe4600d5966c6a7135,https://github.com/pacmn91/BeyondKerrQNM,https://arxiv.org/abs/2409.04517,GPL-3.0
220,2,2,0,quartic_1,epsilon1,8,preserving,plus,7,-3.2436,0.93372,15,quartic_1_plus_l2_m2_n0.txt,0afe6281bec6a6224bfd55fe4600d5966c6a7135,https://github.com/pacmn91/BeyondKerrQNM,https://arxiv.org/abs/2409.04517,GPL-3.0
220,2,2,0,quartic_1,epsilon1,8,preserving,plus,8,-1.1976,0.029363,15,quartic_1_plus_l2_m2_n0.txt,0afe6281bec6a6224bfd55fe4600d5966c6a7135,https://github.com/pacmn91/BeyondKerrQNM,https://arxiv.org/abs/2409.04517,GPL-3.0
220,2,2,0,quartic_1,epsilon1,8,preserving,plus,9,-1.3027,0.16559,15,quartic_1_plus_l2_m2_n0.txt,0afe6281bec6a6224bfd55fe4600d5966c6a7135,https://github.com/pacmn91/BeyondKerrQNM,https://arxiv.org/abs/2409.04517,GPL-3.0
220,2,2,0,quartic_1,epsilon1,8,preserving,plus,10,-3.495,0.91384,15,quartic_1_plus_l2_m2_n0.txt,0afe6281bec6a6224bfd55fe4600d5966c6a7135,https://github.com/pacmn91/BeyondKerrQNM,https://arxiv.org/abs/2409.04517,GPL-3.0
220,2,2,0,quartic_1,epsilon1,8,preserving,plus,11,-8.4644,0.061029,15,quartic_1_plus_l2_m2_n0.txt,0afe6281bec6a6224bfd55fe4600d5966c6a7135,https://github.com/pacmn91/BeyondKerrQNM,https://arxiv.org/abs/2409.04517,GPL-3.0
220,2,2,0,quartic_1,epsilon1,8,preserving,plus,12,4.0527,0.0,15,quartic_1_plus_l2_m2_n0.txt,0afe6281bec6a6224bfd55fe4600d5966c6a7135,https://github.com/pacmn91/BeyondKerrQNM,https://arxiv.org/abs/2409.04517,GPL-3.0
220,2,2,0,quartic_1,epsilon1,8,preserving,plus,13,17.095,0.0,15,quartic_1_plus_l2_m2_n0.txt,0afe6281bec6a6224bfd55fe4600d5966c6a7135,https://github.com/pacmn91/BeyondKerrQNM,https://arxiv.org/abs/2409.04517,GPL-3.0
220,2,2,0,quartic_1,epsilon1,8,preserving,plus,14,-10.86,0.0,15,quartic_1_plus_l2_m2_n0.txt,0afe6281bec6a6224bfd55fe4600d5966c6a7135,https://github.com/pacmn91/BeyondKerrQNM,https://arxiv.org/abs/2409.04517,GPL-3.0
220,2,2,0,quartic_1,epsilon1,8,preserving,plus,15,-22.875,0.0,15,quartic_1_plus_l2_m2_n0.txt,0afe6281bec6a6224bfd55fe4600d5966c6a7135,https://github.com/pacmn91/BeyondKerrQNM,https://arxiv.org/abs/2409.04517,GPL-3.0
220,2,2,0,quartic_1,epsilon1,8,preserving,minus,0,-0.079381,-0.057608,13,quartic_1_minus_l2_m2_n0.txt,0afe6281bec6a6224bfd55fe4600d5966c6a7135,https://github.com/pacmn91/BeyondKerrQNM,https://arxiv.org/abs/2409.04517,GPL-3.0
220,2,2,0,quartic_1,epsilon1,8,preserving,minus,1,-0.19866,0.328,13,quartic_1_minus_l2_m2_n0.txt,0afe6281bec6a6224bfd55fe4600d5966c6a7135,https://github.com/pacmn91/BeyondKerrQNM,https://arxiv.org/abs/2409.04517,GPL-3.0
220,2,2,0,quartic_1,epsilon1,8,preserving,minus,2,1.1089,0.26122,13,quartic_1_minus_l2_m2_n0.txt,0afe6281bec6a6224bfd55fe4600d5966c6a7135,https://github.com/pacmn91/BeyondKerrQNM,https://arxiv.org/abs/2409.04517,GPL-3.0
220,2,2,0,quartic_1,epsilon1,8,preserving,minus,3,1.2951,-2.8316,13,quartic_1_minus_l2_m2_n0.txt,0afe6281bec6a6224bfd55fe4600d5966c6a7135,https://github.com/pacmn91/BeyondKerrQNM,https://arxiv.org/abs/2409.04517,GPL-3.0
220,2,2,0,quartic_1,epsilon1,8,preserving,minus,4,-3.3746,-3.6841,13,quartic_1_minus_l2_m2_n0.txt,0afe6281bec6a6224bfd55fe4600d5966c6a7135,https://github.com/pacmn91/BeyondKerrQNM,https://arxiv.org/abs/2409.04517,GPL-3.0
220,2,2,0,quartic_1,epsilon1,8,preserving,minus,5,-4.5987,1.6746,13,quartic_1_minus_l2_m2_n0.txt,0afe6281bec6a6224bfd55fe4600d5966c6a7135,https://github.com/pacmn91/BeyondKerrQNM,https://arxiv.org/abs/2409.04517,GPL-3.0
220,2,2,0,quartic_1,epsilon1,8,preserving,minus,6,0.33427,2.6563,13,quartic_1_minus_l2_m2_n0.txt,0afe6281bec6a6224bfd55fe4600d5966c6a7135,https://github.com/pacmn91/BeyondKerrQNM,https://arxiv.org/abs/2409.04517,GPL-3.0
220,2,2,0,quartic_1,epsilon1,8,preserving,minus,7,0.48303,-1.035,13,quartic_1_minus_l2_m2_n0.txt,0afe6281bec6a6224bfd55fe4600d5966c6a7135,https://github.com/pacmn91/BeyondKerrQNM,https://arxiv.org/abs/2409.04517,GPL-3.0
220,2,2,0,quartic_1,epsilon1,8,preserving,minus,8,-1.2987,-0.60649,13,quartic_1_minus_l2_m2_n0.txt,0afe6281bec6a6224bfd55fe4600d5966c6a7135,https://github.com/pacmn91/BeyondKerrQNM,https://arxiv.org/abs/2409.04517,GPL-3.0
220,2,2,0,quartic_1,epsilon1,8,preserving,minus,9,-0.17057,0.14671,13,quartic_1_minus_l2_m2_n0.txt,0afe6281bec6a6224bfd55fe4600d5966c6a7135,https://github.com/pacmn91/BeyondKerrQNM,https://arxiv.org/abs/2409.04517,GPL-3.0
220,2,2,0,quartic_1,epsilon1,8,preserving,minus,10,-0.97345,0.0,13,quartic_1_minus_l2_m2_n0.txt,0afe6281bec6a6224bfd55fe4600d5966c6a7135,https://github.com/pacmn91/BeyondKerrQNM,https://arxiv.org/abs/2409.04517,GPL-3.0
220,2,2,0,quartic_1,epsilon1,8,preserving,minus,11,-1.7492,0.0,13,quartic_1_minus_l2_m2_n0.txt,0afe6281bec6a6224bfd55fe4600d5966c6a7135,https://github.com/pacmn91/BeyondKerrQNM,https://arxiv.org/abs/2409.04517,GPL-3.0
220,2,2,0,quartic_1,epsilon1,8,preserving,minus,12,-1.0908,0.0,13,quartic_1_minus_l2_m2_n0.txt,0afe6281bec6a6224bfd55fe4600d5966c6a7135,https://github.com/pacmn91/BeyondKerrQNM,https://arxiv.org/abs/2409.04517,GPL-3.0
220,2,2,0,quartic_1,epsilon1,8,preserving,minus,13,-0.31838,0.0,13,quartic_1_minus_l2_m2_n0.txt,0afe6281bec6a6224bfd55fe4600d5966c6a7135,https://github.com/pacmn91/BeyondKerrQNM,https://arxiv.org/abs/2409.04517,GPL-3.0
220,2,2,0,quartic_2,epsilon2,8,preserving,plus,0,0.0,0.0,14,quartic_2_plus_l2_m2_n0.txt,0afe6281bec6a6224bfd55fe4600d5966c6a7135,https://github.com/pacmn91/BeyondKerrQNM,https://arxiv.org/abs/2409.04517,GPL-3.0
220,2,2,0,quartic_2,epsilon2,8,preserving,plus,1,-0.10008,0.4149,14,quartic_2_plus_l2_m2_n0.txt,0afe6281bec6a6224bfd55fe4600d5966c6a7135,https://github.com/pacmn91/BeyondKerrQNM,https://arxiv.org/abs/2409.04517,GPL-3.0
220,2,2,0,quartic_2,epsilon2,8,preserving,plus,2,1.1158,-0.035186,14,quartic_2_plus_l2_m2_n0.txt,0afe6281bec6a6224bfd55fe4600d5966c6a7135,https://github.com/pacmn91/BeyondKerrQNM,https://arxiv.org/abs/2409.04517,GPL-3.0
220,2,2,0,quartic_2,epsilon2,8,preserving,plus,3,0.023003,-3.0443,14,quartic_2_plus_l2_m2_n0.txt,0afe6281bec6a6224bfd55fe4600d5966c6a7135,https://github.com/pacmn91/BeyondKerrQNM,https://arxiv.org/abs/2409.04517,GPL-3.0
220,2,2,0,quartic_2,epsilon2,8,preserving,plus,4,-5.2376,-2.0152,14,quartic_2_plus_l2_m2_n0.txt,0afe6281bec6a6224bfd55fe4600d5966c6a7135,https://github.com/pacmn91/BeyondKerrQNM,https://arxiv.org/abs/2409.04517,GPL-3.0
220,2,2,0,quartic_2,epsilon2,8,preserving,plus,5,-4.6676,4.2932,14,quartic_2_plus_l2_m2_n0.txt,0afe6281bec6a6224bfd55fe4600d5966c6a7135,https://github.com/pacmn91/BeyondKerrQNM,https://arxiv.org/abs/2409.04517,GPL-3.0
220,2,2,0,quartic_2,epsilon2,8,preserving,plus,6,1.2456,3.8153,14,quartic_2_plus_l2_m2_n0.txt,0afe6281bec6a6224bfd55fe4600d5966c6a7135,https://github.com/pacmn91/BeyondKerrQNM,https://arxiv.org/abs/2409.04517,GPL-3.0
220,2,2,0,quartic_2,epsilon2,8,preserving,plus,7,0.60688,-0.51617,14,quartic_2_plus_l2_m2_n0.txt,0afe6281bec6a6224bfd55fe4600d5966c6a7135,https://github.com/pacmn91/BeyondKerrQNM,https://arxiv.org/abs/2409.04517,GPL-3.0
220,2,2,0,quartic_2,epsilon2,8,preserving,plus,8,-1.4284,0.34125,14,quartic_2_plus_l2_m2_n0.txt,0afe6281bec6a6224bfd55fe4600d5966c6a7135,https://github.com/pacmn91/BeyondKerrQNM,https://arxiv.org/abs/2409.04517,GPL-3.0
220,2,2,0,quartic_2,epsilon2,8,preserving,plus,9,-0.54342,0.31616,14,quartic_2_plus_l2_m2_n0.txt,0afe6281bec6a6224bfd55fe4600d5966c6a7135,https://github.com/pacmn91/BeyondKerrQNM,https://arxiv.org/abs/2409.04517,GPL-3.0
220,2,2,0,quartic_2,epsilon2,8,preserving,plus,10,-1.2408,-0.53118,14,quartic_2_plus_l2_m2_n0.txt,0afe6281bec6a6224bfd55fe4600d5966c6a7135,https://github.com/pacmn91/BeyondKerrQNM,https://arxiv.org/abs/2409.04517,GPL-3.0
220,2,2,0,quartic_2,epsilon2,8,preserving,plus,11,-0.98395,0.088924,14,quartic_2_plus_l2_m2_n0.txt,0afe6281bec6a6224bfd55fe4600d5966c6a7135,https://github.com/pacmn91/BeyondKerrQNM,https://arxiv.org/abs/2409.04517,GPL-3.0
220,2,2,0,quartic_2,epsilon2,8,preserving,plus,12,-1.5462,0.0,14,quartic_2_plus_l2_m2_n0.txt,0afe6281bec6a6224bfd55fe4600d5966c6a7135,https://github.com/pacmn91/BeyondKerrQNM,https://arxiv.org/abs/2409.04517,GPL-3.0
220,2,2,0,quartic_2,epsilon2,8,preserving,plus,13,-3.3518,0.0,14,quartic_2_plus_l2_m2_n0.txt,0afe6281bec6a6224bfd55fe4600d5966c6a7135,https://github.com/pacmn91/BeyondKerrQNM,https://arxiv.org/abs/2409.04517,GPL-3.0
220,2,2,0,quartic_2,epsilon2,8,preserving,plus,14,-2.1686,0.0,14,quartic_2_plus_l2_m2_n0.txt,0afe6281bec6a6224bfd55fe4600d5966c6a7135,https://github.com/pacmn91/BeyondKerrQNM,https://arxiv.org/abs/2409.04517,GPL-3.0
220,2,2,0,quartic_2,epsilon2,8,preserving,minus,0,-0.19901,-0.35232,11,quartic_2_minus_l2_m2_n0.txt,0afe6281bec6a6224bfd55fe4600d5966c6a7135,https://github.com/pacmn91/BeyondKerrQNM,https://arxiv.org/abs/2409.04517,GPL-3.0
220,2,2,0,quartic_2,epsilon2,8,preserving,minus,1,-0.52901,-0.84072,11,quartic_2_minus_l2_m2_n0.txt,0afe6281bec6a6224bfd55fe4600d5966c6a7135,https://github.com/pacmn91/BeyondKerrQNM,https://arxiv.org/abs/2409.04517,GPL-3.0
220,2,2,0,quartic_2,epsilon2,8,preserving,minus,2,-1.9052,-0.83892,11,quartic_2_minus_l2_m2_n0.txt,0afe6281bec6a6224bfd55fe4600d5966c6a7135,https://github.com/pacmn91/BeyondKerrQNM,https://arxiv.org/abs/2409.04517,GPL-3.0
220,2,2,0,quartic_2,epsilon2,8,preserving,minus,3,-2.3237,2.0045,11,quartic_2_minus_l2_m2_n0.txt,0afe6281bec6a6224bfd55fe4600d5966c6a7135,https://github.com/pacmn91/BeyondKerrQNM,https://arxiv.org/abs/2409.04517,GPL-3.0
220,2,2,0,quartic_2,epsilon2,8,preserving,minus,4,2.1579,2.9233,11,quartic_2_minus_l2_m2_n0.txt,0afe6281bec6a6224bfd55fe4600d5966c6a7135,https://github.com/pacmn91/BeyondKerrQNM,https://arxiv.org/abs/2409.04517,GPL-3.0
220,2,2,0,quartic_2,epsilon2,8,preserving,minus,5,3.3555,-2.5489,11,quartic_2_minus_l2_m2_n0.txt,0afe6281bec6a6224bfd55fe4600d5966c6a7135,https://github.com/pacmn91/BeyondKerrQNM,https://arxiv.org/abs/2409.04517,GPL-3.0
220,2,2,0,quartic_2,epsilon2,8,preserving,minus,6,-1.8447,-3.4906,11,quartic_2_minus_l2_m2_n0.txt,0afe6281bec6a6224bfd55fe4600d5966c6a7135,https://github.com/pacmn91/BeyondKerrQNM,https://arxiv.org/abs/2409.04517,GPL-3.0
220,2,2,0,quartic_2,epsilon2,8,preserving,minus,7,-2.0263,0.16681,11,quartic_2_minus_l2_m2_n0.txt,0afe6281bec6a6224bfd55fe4600d5966c6a7135,https://github.com/pacmn91/BeyondKerrQNM,https://arxiv.org/abs/2409.04517,GPL-3.0
220,2,2,0,quartic_2,epsilon2,8,preserving,minus,8,-0.057567,-0.64622,11,quartic_2_minus_l2_m2_n0.txt,0afe6281bec6a6224bfd55fe4600d5966c6a7135,https://github.com/pacmn91/BeyondKerrQNM,https://arxiv.org/abs/2409.04517,GPL-3.0
220,2,2,0,quartic_2,epsilon2,8,preserving,minus,9,-1.0894,-1.045,11,quartic_2_minus_l2_m2_n0.txt,0afe6281bec6a6224bfd55fe4600d5966c6a7135,https://github.com/pacmn91/BeyondKerrQNM,https://arxiv.org/abs/2409.04517,GPL-3.0
220,2,2,0,quartic_2,epsilon2,8,preserving,minus,10,-2.0896,-0.010349,11,quartic_2_minus_l2_m2_n0.txt,0afe6281bec6a6224bfd55fe4600d5966c6a7135,https://github.com/pacmn91/BeyondKerrQNM,https://arxiv.org/abs/2409.04517,GPL-3.0
220,2,2,0,quartic_2,epsilon2,8,preserving,minus,11,-2.1003,0.0,11,quartic_2_minus_l2_m2_n0.txt,0afe6281bec6a6224bfd55fe4600d5966c6a7135,https://github.com/pacmn91/BeyondKerrQNM,https://arxiv.org/abs/2409.04517,GPL-3.0
220,2,2,0,quartic_3,epsilon3,8,breaking,plus,0,0.073712,0.13639,12,quartic_3_plus_l2_m2_n0.txt,0afe6281bec6a6224bfd55fe4600d5966c6a7135,https://github.com/pacmn91/BeyondKerrQNM,https://arxiv.org/abs/2409.04517,GPL-3.0
220,2,2,0,quartic_3,epsilon3,8,breaking,plus,1,0.24246,0.50962,12,quartic_3_plus_l2_m2_n0.txt,0afe6281bec6a6224bfd55fe4600d5966c6a7135,https://github.com/pacmn91/BeyondKerrQNM,https://arxiv.org/abs/2409.04517,GPL-3.0
220,2,2,0,quartic_3,epsilon3,8,breaking,plus,2,1.5894,0.21108,12,quartic_3_plus_l2_m2_n0.txt,0afe6281bec6a6224bfd55fe4600d5966c6a7135,https://github.com/pacmn91/BeyondKerrQNM,https://arxiv.org/abs/2409.04517,GPL-3.0
220,2,2,0,quartic_3,epsilon3,8,breaking,plus,3,1.3389,-2.8261,12,quartic_3_plus_l2_m2_n0.txt,0afe6281bec6a6224bfd55fe4600d5966c6a7135,https://github.com/pacmn91/BeyondKerrQNM,https://arxiv.org/abs/2409.04517,GPL-3.0
220,2,2,0,quartic_3,epsilon3,8,breaking,plus,4,-3.5717,-2.8757,12,quartic_3_plus_l2_m2_n0.txt,0afe6281bec6a6224bfd55fe4600d5966c6a7135,https://github.com/pacmn91/BeyondKerrQNM,https://arxiv.org/abs/2409.04517,GPL-3.0
220,2,2,0,quartic_3,epsilon3,8,breaking,plus,5,-3.9159,3.0694,12,quartic_3_plus_l2_m2_n0.txt,0afe6281bec6a6224bfd55fe4600d5966c6a7135,https://github.com/pacmn91/BeyondKerrQNM,https://arxiv.org/abs/2409.04517,GPL-3.0
220,2,2,0,quartic_3,epsilon3,8,breaking,plus,6,1.6905,3.3611,12,quartic_3_plus_l2_m2_n0.txt,0afe6281bec6a6224bfd55fe4600d5966c6a7135,https://github.com/pacmn91/BeyondKerrQNM,https://arxiv.org/abs/2409.04517,GPL-3.0
220,2,2,0,quartic_3,epsilon3,8,breaking,plus,7,1.5078,-0.59446,12,quartic_3_plus_l2_m2_n0.txt,0afe6281bec6a6224bfd55fe4600d5966c6a7135,https://github.com/pacmn91/BeyondKerrQNM,https://arxiv.org/abs/2409.04517,GPL-3.0
220,2,2,0,quartic_3,epsilon3,8,breaking,plus,8,-0.3201,0.19374,12,quartic_3_plus_l2_m2_n0.txt,0afe6281bec6a6224bfd55fe4600d5966c6a7135,https://github.com/pacmn91/BeyondKerrQNM,https://arxiv.org/abs/2409.04517,GPL-3.0
220,2,2,0,quartic_3,epsilon3,8,breaking,plus,9,0.79901,0.34362,12,quartic_3_plus_l2_m2_n0.txt,0afe6281bec6a6224bfd55fe4600d5966c6a7135,https://github.com/pacmn91/BeyondKerrQNM,https://arxiv.org/abs/2409.04517,GPL-3.0
220,2,2,0,quartic_3,epsilon3,8,breaking,plus,10,0.34526,-0.39272,12,quartic_3_plus_l2_m2_n0.txt,0afe6281bec6a6224bfd55fe4600d5966c6a7135,https://github.com/pacmn91/BeyondKerrQNM,https://arxiv.org/abs/2409.04517,GPL-3.0
220,2,2,0,quartic_3,epsilon3,8,breaking,plus,11,0.0,0.025473,12,quartic_3_plus_l2_m2_n0.txt,0afe6281bec6a6224bfd55fe4600d5966c6a7135,https://github.com/pacmn91/BeyondKerrQNM,https://arxiv.org/abs/2409.04517,GPL-3.0
220,2,2,0,quartic_3,epsilon3,8,breaking,plus,12,0.0,-0.22868,12,quartic_3_plus_l2_m2_n0.txt,0afe6281bec6a6224bfd55fe4600d5966c6a7135,https://github.com/pacmn91/BeyondKerrQNM,https://arxiv.org/abs/2409.04517,GPL-3.0
220,2,2,0,quartic_3,epsilon3,8,breaking,minus,0,-0.073712,-0.13639,12,quartic_3_minus_l2_m2_n0.txt,0afe6281bec6a6224bfd55fe4600d5966c6a7135,https://github.com/pacmn91/BeyondKerrQNM,https://arxiv.org/abs/2409.04517,GPL-3.0
220,2,2,0,quartic_3,epsilon3,8,breaking,minus,1,-0.24246,-0.50962,12,quartic_3_minus_l2_m2_n0.txt,0afe6281bec6a6224bfd55fe4600d5966c6a7135,https://github.com/pacmn91/BeyondKerrQNM,https://arxiv.org/abs/2409.04517,GPL-3.0
220,2,2,0,quartic_3,epsilon3,8,breaking,minus,2,-1.5894,-0.21108,12,quartic_3_minus_l2_m2_n0.txt,0afe6281bec6a6224bfd55fe4600d5966c6a7135,https://github.com/pacmn91/BeyondKerrQNM,https://arxiv.org/abs/2409.04517,GPL-3.0
220,2,2,0,quartic_3,epsilon3,8,breaking,minus,3,-1.3389,2.8261,12,quartic_3_minus_l2_m2_n0.txt,0afe6281bec6a6224bfd55fe4600d5966c6a7135,https://github.com/pacmn91/BeyondKerrQNM,https://arxiv.org/abs/2409.04517,GPL-3.0
220,2,2,0,quartic_3,epsilon3,8,breaking,minus,4,3.5717,2.8757,12,quartic_3_minus_l2_m2_n0.txt,0afe6281bec6a6224bfd55fe4600d5966c6a7135,https://github.com/pacmn91/BeyondKerrQNM,https://arxiv.org/abs/2409.04517,GPL-3.0
220,2,2,0,quartic_3,epsilon3,8,breaking,minus,5,3.9159,-3.0694,12,quartic_3_minus_l2_m2_n0.txt,0afe6281bec6a6224bfd55fe4600d5966c6a7135,https://github.com/pacmn91/BeyondKerrQNM,https://arxiv.org/abs/2409.04517,GPL-3.0
220,2,2,0,quartic_3,epsilon3,8,breaking,minus,6,-1.6905,-3.3611,12,quartic_3_minus_l2_m2_n0.txt,0afe6281bec6a6224bfd55fe4600d5966c6a7135,https://github.com/pacmn91/BeyondKerrQNM,https://arxiv.org/abs/2409.04517,GPL-3.0
220,2,2,0,quartic_3,epsilon3,8,breaking,minus,7,-1.5078,0.59446,12,quartic_3_minus_l2_m2_n0.txt,0afe6281bec6a6224bfd55fe4600d5966c6a7135,https://github.com/pacmn91/BeyondKerrQNM,https://arxiv.org/abs/2409.04517,GPL-3.0
220,2,2,0,quartic_3,epsilon3,8,breaking,minus,8,0.3201,-0.19374,12,quartic_3_minus_l2_m2_n0.txt,0afe6281bec6a6224bfd55fe4600d5966c6a7135,https://github.com/pacmn91/BeyondKerrQNM,https://arxiv.org/abs/2409.04517,GPL-3.0
220,2,2,0,quartic_3,epsilon3,8,breaking,minus,9,-0.79901,-0.34362,12,quartic_3_minus_l2_m2_n0.txt,0afe6281bec6a6224bfd55fe4600d5966c6a7135,https://github.com/pacmn91/BeyondKerrQNM,https://arxiv.org/abs/2409.04517,GPL-3.0
220,2,2,0,quartic_3,epsilon3,8,breaking,minus,10,-0.34526,0.39272,12,quartic_3_minus_l2_m2_n0.txt,0afe6281bec6a6224bfd55fe4600d5966c6a7135,https://github.com/pacmn91/BeyondKerrQNM,https://arxiv.org/abs/2409.04517,GPL-3.0
220,2,2,0,quartic_3,epsilon3,8,breaking,minus,11,0.0,-0.025473,12,quartic_3_minus_l2_m2_n0.txt,0afe6281bec6a6224bfd55fe4600d5966c6a7135,https://github.com/pacmn91/BeyondKerrQNM,https://arxiv.org/abs/2409.04517,GPL-3.0
220,2,2,0,quartic_3,epsilon3,8,breaking,minus,12,0.0,0.22868,12,quartic_3_minus_l2_m2_n0.txt,0afe6281bec6a6224bfd55fe4600d5966c6a7135,https://github.com/pacmn91/BeyondKerrQNM,https://arxiv.org/abs/2409.04517,GPL-3.0
221,2,2,1,cubic_even,lambda_ev,6,preserving,plus,0,0.11657,0.47777,11,cubic_even_plus_l2_m2_n1.txt,0afe6281bec6a6224bfd55fe4600d5966c6a7135,https://github.com/pacmn91/BeyondKerrQNM,https://arxiv.org/abs/2409.04517,GPL-3.0
221,2,2,1,cubic_even,lambda_ev,6,preserving,plus,1,2.3298,0.10255,11,cubic_even_plus_l2_m2_n1.txt,0afe6281bec6a6224bfd55fe4600d5966c6a7135,https://github.com/pacmn91/BeyondKerrQNM,https://arxiv.org/abs/2409.04517,GPL-3.0
221,2,2,1,cubic_even,lambda_ev,6,preserving,plus,2,0.53678,-4.4746,11,cubic_even_plus_l2_m2_n1.txt,0afe6281bec6a6224bfd55fe4600d5966c6a7135,https://github.com/pacmn91/BeyondKerrQNM,https://arxiv.org/abs/2409.04517,GPL-3.0
221,2,2,1,cubic_even,lambda_ev,6,preserving,plus,3,-8.2489,-2.2406,11,cubic_even_plus_l2_m2_n1.txt,0afe6281bec6a6224bfd55fe4600d5966c6a7135,https://github.com/pacmn91/BeyondKerrQNM,https://arxiv.org/abs/2409.04517,GPL-3.0
221,2,2,1,cubic_even,lambda_ev,6,preserving,plus,4,-5.2572,8.845,11,cubic_even_plus_l2_m2_n1.txt,0afe6281bec6a6224bfd55fe4600d5966c6a7135,https://github.com/pacmn91/BeyondKerrQNM,https://arxiv.org/abs/2409.04517,GPL-3.0
221,2,2,1,cubic_even,lambda_ev,6,preserving,plus,5,7.0909,5.1458,11,cubic_even_plus_l2_m2_n1.txt,0afe6281bec6a6224bfd55fe4600d5966c6a7135,https://github.com/pacmn91/BeyondKerrQNM,https://arxiv.org/abs/2409.04517,GPL-3.0
221,2,2,1,cubic_even,lambda_ev,6,preserving,plus,6,3.9409,-4.9844,11,cubic_even_plus_l2_m2_n1.txt,0afe6281bec6a6224bfd55fe4600d5966c6a7135,https://github.com/pacmn91/BeyondKerrQNM,https://arxiv.org/abs/2409.04517,GPL-3.0
221,2,2,1,cubic_even,lambda_ev,6,preserving,plus,7,-1.3388,-1.8181,11,cubic_even_plus_l2_m2_n1.txt,0afe6281bec6a6224bfd55fe4600d5966c6a7135,https://github.com/pacmn91/BeyondKerrQNM,https://arxiv.org/abs/2409.04517,GPL-3.0
221,2,2,1,cubic_even,lambda_ev,6,preserving,plus,8,1.5316,-0.68375,11,cubic_even_plus_l2_m2_n1.txt,0afe6281bec6a6224bfd55fe4600d5966c6a7135,https://github.com/pacmn91/BeyondKerrQNM,https://arxiv.org/abs/2409.04517,GPL-3.0
221,2,2,1,cubic_even,lambda_ev,6,preserving,plus,9,0.22496,-2.3438,11,cubic_even_plus_l2_m2_n1.txt,0afe6281bec6a6224bfd55fe4600d5966c6a7135,https://github.com/pacmn91/BeyondKerrQNM,https://arxiv.org/abs/2409.04517,GPL-3.0
221,2,2,1,cubic_even,lambda_ev,6,preserving,plus,10,0.42306,-0.12774,11,cubic_even_plus_l2_m2_n1.txt,0afe6281bec6a6224bfd55fe4600d5966c6a7135,https://github.com/pacmn91/BeyondKerrQNM,https://arxiv.org/abs/2409.04517,GPL-3.0
221,2,2,1,cubic_even,lambda_ev,6,preserving,plus,11,1.6451,0.0,11,cubic_even_plus_l2_m2_n1.txt,0afe6281bec6a6224bfd55fe4600d5966c6a7135,https://github.com/pacmn91/BeyondKerrQNM,https://arxiv.org/abs/2409.04517,GPL-3.0
221,2,2,1,cubic_even,lambda_ev,6,preserving,minus,0,0.17727,-0.6041,10,cubic_even_minus_l2_m2_n1.txt,0afe6281bec6a6224bfd55fe4600d5966c6a7135,https://github.com/pacmn91/BeyondKerrQNM,https://arxiv.org/abs/2409.04517,GPL-3.0
221,2,2,1,cubic_even,lambda_ev,6,preserving,minus,1,-2.586,-0.97579,10,cubic_even_minus_l2_m2_n1.txt,0afe6281bec6a6224bfd55fe4600d5966c6a7135,https://github.com/pacmn91/BeyondKerrQNM,https://arxiv.org/abs/2409.04517,GPL-3.0
221,2,2,1,cubic_even,lambda_ev,6,preserving,minus,2,-3.1787,4.6912,10,cubic_even_minus_l2_m2_n1.txt,0afe6281bec6a6224bfd55fe4600d5966c6a7135,https://github.com/pacmn91/BeyondKerrQNM,https://arxiv.org/abs/2409.04517,GPL-3.0
221,2,2,1,cubic_even,lambda_ev,6,preserving,minus,3,6.8216,6.2612,10,cubic_even_minus_l2_m2_n1.txt,0afe6281bec6a6224bfd55fe4600d5966c6a7135,https://github.com/pacmn91/BeyondKerrQNM,https://arxiv.org/abs/2409.04517,GPL-3.0
221,2,2,1,cubic_even,lambda_ev,6,preserving,minus,4,9.0185,-6.2549,10,cubic_even_minus_l2_m2_n1.txt,0afe6281bec6a6224bfd55fe4600d5966c6a7135,https://github.com/pacmn91/BeyondKerrQNM,https://arxiv.org/abs/2409.04517,GPL-3.0
221,2,2,1,cubic_even,lambda_ev,6,preserving,minus,5,-4.1248,-8.0579,10,cubic_even_minus_l2_m2_n1.txt,0afe6281bec6a6224bfd55fe4600d5966c6a7135,https://github.com/pacmn91/BeyondKerrQNM,https://arxiv.org/abs/2409.04517,GPL-3.0
221,2,2,1,cubic_even,lambda_ev,6,preserving,minus,6,-4.8223,2.5015,10,cubic_even_minus_l2_m2_n1.txt,0afe6281bec6a6224bfd55fe4600d5966c6a7135,https://github.com/pacmn91/BeyondKerrQNM,https://arxiv.org/abs/2409.04517,GPL-3.0
221,2,2,1,cubic_even,lambda_ev,6,preserving,minus,7,1.2267,1.2358,10,cubic_even_minus_l2_m2_n1.txt,0afe6281bec6a6224bfd55fe4600d5966c6a7135,https://github.com/pacmn91/BeyondKerrQNM,https://arxiv.org/abs/2409.04517,GPL-3.0
221,2,2,1,cubic_even,lambda_ev,6,preserving,minus,8,-1.4568,-0.60423,10,cubic_even_minus_l2_m2_n1.txt,0afe6281bec6a6224bfd55fe4600d5966c6a7135,https://github.com/pacmn91/BeyondKerrQNM,https://arxiv.org/abs/2409.04517,GPL-3.0
221,2,2,1,cubic_even,lambda_ev,6,preserving,minus,9,-0.88776,1.695,10,cubic_even_minus_l2_m2_n1.txt,0afe6281bec6a6224bfd55fe4600d5966c6a7135,https://github.com/pacmn91/BeyondKerrQNM,https://arxiv.org/abs/2409.04517,GPL-3.0
221,2,2,1,cubic_even,lambda_ev,6,preserving,minus,10,0.56331,0.090482,10,cubic_even_minus_l2_m2_n1.txt,0afe6281bec6a6224bfd55fe4600d5966c6a7135,https://github.com/pacmn91/BeyondKerrQNM,https://arxiv.org/abs/2409.04517,GPL-3.0
221,2,2,1,cubic_odd,lambda_odd,6,breaking,plus,0,0.017766,-0.54485,10,cubic_odd_plus_l2_m2_n1.txt,0afe6281bec6a6224bfd55fe4600d5966c6a7135,https://github.com/pacmn91/BeyondKerrQNM,https://arxiv.org/abs/2409.04517,GPL-3.0
221,2,2,1,cubic_odd,lambda_odd,6,breaking,plus,1,-2.5038,-0.48649,10,cubic_odd_plus_l2_m2_n1.txt,0afe6281bec6a6224bfd55fe4600d5966c6a7135,https://github.com/pacmn91/BeyondKerrQNM,https://arxiv.org/abs/2409.04517,GPL-3.0
221,2,2,1,cubic_odd,lambda_odd,6,breaking,plus,2,-1.8044,4.734,10,cubic_odd_plus_l2_m2_n1.txt,0afe6281bec6a6224bfd55fe4600d5966c6a7135,https://github.com/pacmn91/BeyondKerrQNM,https://arxiv.org/abs/2409.04517,GPL-3.0
221,2,2,1,cubic_odd,lambda_odd,6,breaking,plus,3,7.7822,4.2557,10,cubic_odd_plus_l2_m2_n1.txt,0afe6281bec6a6224bfd55fe4600d5966c6a7135,https://github.com/pacmn91/BeyondKerrQNM,https://arxiv.org/abs/2409.04517,GPL-3.0
221,2,2,1,cubic_odd,lambda_odd,6,breaking,plus,4,7.2633,-7.8408,10,cubic_odd_plus_l2_m2_n1.txt,0afe6281bec6a6224bfd55fe4600d5966c6a7135,https://github.com/pacmn91/BeyondKerrQNM,https://arxiv.org/abs/2409.04517,GPL-3.0
221,2,2,1,cubic_odd,lambda_odd,6,breaking,plus,5,-5.7637,-6.8426,10,cubic_odd_plus_l2_m2_n1.txt,0afe6281bec6a6224bfd55fe4600d5966c6a7135,https://github.com/pacmn91/BeyondKerrQNM,https://arxiv.org/abs/2409.04517,GPL-3.0
221,2,2,1,cubic_odd,lambda_odd,6,breaking,plus,6,-4.4921,3.6928,10,cubic_odd_plus_l2_m2_n1.txt,0afe6281bec6a6224bfd55fe4600d5966c6a7135,https://github.com/pacmn91/BeyondKerrQNM,https://arxiv.org/abs/2409.04517,GPL-3.0
221,2,2,1,cubic_odd,lambda_odd,6,breaking,plus,7,1.3166,1.4703,10,cubic_odd_plus_l2_m2_n1.txt,0afe6281bec6a6224bfd55fe4600d5966c6a7135,https://github.com/pacmn91/BeyondKerrQNM,https://arxiv.org/abs/2409.04517,GPL-3.0
221,2,2,1,cubic_odd,lambda_odd,6,breaking,plus,8,-1.6078,0.0021667,10,cubic_odd_plus_l2_m2_n1.txt,0afe6281bec6a6224bfd55fe4600d5966c6a7135,https://github.com/pacmn91/BeyondKerrQNM,https://arxiv.org/abs/2409.04517,GPL-3.0
221,2,2,1,cubic_odd,lambda_odd,6,breaking,plus,9,-0.85628,2.0498,10,cubic_odd_plus_l2_m2_n1.txt,0afe6281bec6a6224bfd55fe4600d5966c6a7135,https://github.com/pacmn91/BeyondKerrQNM,https://arxiv.org/abs/2409.04517,GPL-3.0
221,2,2,1,cubic_odd,lambda_odd,6,breaking,plus,10,0.42894,0.14174,10,cubic_odd_plus_l2_m2_n1.txt,0afe6281bec6a6224bfd55fe4600d5966c6a7135,https://github.com/pacmn91/BeyondKerrQNM,https://arxiv.org/abs/2409.04517,GPL-3.0
221,2,2,1,cubic_odd,lambda_odd,6,breaking,minus,0,-0.017766,0.54485,10,cubic_odd_minus_l2_m2_n1.txt,0afe6281bec6a6224bfd55fe4600d5966c6a7135,https://github.com/pacmn91/BeyondKerrQNM,https://arxiv.org/abs/2409.04517,GPL-3.0
221,2,2,1,cubic_odd,lambda_odd,6,breaking,minus,1,2.5038,0.48649,10,cubic_odd_minus_l2_m2_n1.txt,0afe6281bec6a6224bfd55fe4600d5966c6a7135,https://github.com/pacmn91/BeyondKerrQNM,https://arxiv.org/abs/2409.04517,GPL-3.0
221,2,2,1,cubic_odd,lambda_odd,6,breaking,minus,2,1.8044,-4.734,10,cubic_odd_minus_l2_m2_n1.txt,0afe6281bec6a6224bfd55fe4600d5966c6a7135,https://github.com/pacmn91/BeyondKerrQNM,https://arxiv.org/abs/2409.04517,GPL-3.0
221,2,2,1,cubic_odd,lambda_odd,6,breaking,minus,3,-7.7822,-4.2557,10,cubic_odd_minus_l2_m2_n1.txt,0afe6281bec6a6224bfd55fe4600d5966c6a7135,https://github.com/pacmn91/BeyondKerrQNM,https://arxiv.org/abs/2409.04517,GPL-3.0
221,2,2,1,cubic_odd,lambda_odd,6,breaking,minus,4,-7.2633,7.8408,10,cubic_odd_minus_l2_m2_n1.txt,0afe6281bec6a6224bfd55fe4600d5966c6a7135,https://github.com/pacmn91/BeyondKerrQNM,https://arxiv.org/abs/2409.04517,GPL-3.0
221,2,2,1,cubic_odd,lambda_odd,6,breaking,minus,5,5.7637,6.8426,10,cubic_odd_minus_l2_m2_n1.txt,0afe6281bec6a6224bfd55fe4600d5966c6a7135,https://github.com/pacmn91/BeyondKerrQNM,https://arxiv.org/abs/2409.04517,GPL-3.0
221,2,2,1,cubic_odd,lambda_odd,6,breaking,minus,6,4.4921,-3.6928,10,cubic_odd_minus_l2_m2_n1.txt,0afe6281bec6a6224bfd55fe4600d5966c6a7135,https://github.com/pacmn91/BeyondKerrQNM,https://arxiv.org/abs/2409.04517,GPL-3.0
221,2,2,1,cubic_odd,lambda_odd,6,breaking,minus,7,-1.3166,-1.4703,10,cubic_odd_minus_l2_m2_n1.txt,0afe6281bec6a6224bfd55fe4600d5966c6a7135,https://github.com/pacmn91/BeyondKerrQNM,https://arxiv.org/abs/2409.04517,GPL-3.0
221,2,2,1,cubic_odd,lambda_odd,6,breaking,minus,8,1.6078,-0.0021667,10,cubic_odd_minus_l2_m2_n1.txt,0afe6281bec6a6224bfd55fe4600d5966c6a7135,https://github.com/pacmn91/BeyondKerrQNM,https://arxiv.org/abs/2409.04517,GPL-3.0
221,2,2,1,cubic_odd,lambda_odd,6,breaking,minus,9,0.85628,-2.0498,10,cubic_odd_minus_l2_m2_n1.txt,0afe6281bec6a6224bfd55fe4600d5966c6a7135,https://github.com/pacmn91/BeyondKerrQNM,https://arxiv.org/abs/2409.04517,GPL-3.0
221,2,2,1,cubic_odd,lambda_odd,6,breaking,minus,10,-0.42894,-0.14174,10,cubic_odd_minus_l2_m2_n1.txt,0afe6281bec6a6224bfd55fe4600d5966c6a7135,https://github.com/pacmn91/BeyondKerrQNM,https://arxiv.org/abs/2409.04517,GPL-3.0
221,2,2,1,quartic_1,epsilon1,8,preserving,plus,0,-0.42842,-1.2311,12,quartic_1_plus_l2_m2_n1.txt,0afe6281bec6a6224bfd55fe4600d5966c6a7135,https://github.com/pacmn91/BeyondKerrQNM,https://arxiv.org/abs/2409.04517,GPL-3.0
221,2,2,1,quartic_1,epsilon1,8,preserving,plus,1,-2.7292,-0.77929,12,quartic_1_plus_l2_m2_n1.txt,0afe6281bec6a6224bfd55fe4600d5966c6a7135,https://github.com/pacmn91/BeyondKerrQNM,https://arxiv.org/abs/2409.04517,GPL-3.0
221,2,2,1,quartic_1,epsilon1,8,preserving,plus,2,-4.467,6.3963,12,quartic_1_plus_l2_m2_n1.txt,0afe6281bec6a6224bfd55fe4600d5966c6a7135,https://github.com/pacmn91/BeyondKerrQNM,https://arxiv.org/abs/2409.04517,GPL-3.0
221,2,2,1,quartic_1,epsilon1,8,preserving,plus,3,10.813,12.176,12,quartic_1_plus_l2_m2_n1.txt,0afe6281bec6a6224bfd55fe4600d5966c6a7135,https://github.com/pacmn91/BeyondKerrQNM,https://arxiv.org/abs/2409.04517,GPL-3.0
221,2,2,1,quartic_1,epsilon1,8,preserving,plus,4,21.262,-15.464,12,quartic_1_plus_l2_m2_n1.txt,0afe6281bec6a6224bfd55fe4600d5966c6a7135,https://github.com/pacmn91/BeyondKerrQNM,https://arxiv.org/abs/2409.04517,GPL-3.0
221,2,2,1,quartic_1,epsilon1,8,preserving,plus,5,-17.081,-28.589,12,quartic_1_plus_l2_m2_n1.txt,0afe6281bec6a6224bfd55fe4600d5966c6a7135,https://github.com/pacmn91/BeyondKerrQNM,https://arxiv.org/abs/2409.04517,GPL-3.0
221,2,2,1,quartic_1,epsilon1,8,preserving,plus,6,-27.449,13.267,12,quartic_1_plus_l2_m2_n1.txt,0afe6281bec6a6224bfd55fe4600d5966c6a7135,https://github.com/pacmn91/BeyondKerrQNM,https://arxiv.org/abs/2409.04517,GPL-3.0
221,2,2,1,quartic_1,epsilon1,8,preserving,plus,7,7.9082,16.086,12,quartic_1_plus_l2_m2_n1.txt,0afe6281bec6a6224bfd55fe4600d5966c6a7135,https://github.com/pacmn91/BeyondKerrQNM,https://arxiv.org/abs/2409.04517,GPL-3.0
221,2,2,1,quartic_1,epsilon1,8,preserving,plus,8,1.6393,-4.4599,12,quartic_1_plus_l2_m2_n1.txt,0afe6281bec6a6224bfd55fe4600d5966c6a7135,https://github.com/pacmn91/BeyondKerrQNM,https://arxiv.org/abs/2409.04517,GPL-3.0
221,2,2,1,quartic_1,epsilon1,8,preserving,plus,9,-4.0787,6.6689,12,quartic_1_plus_l2_m2_n1.txt,0afe6281bec6a6224bfd55fe4600d5966c6a7135,https://github.com/pacmn91/BeyondKerrQNM,https://arxiv.org/abs/2409.04517,GPL-3.0
221,2,2,1,quartic_1,epsilon1,8,preserving,plus,10,5.5155,0.28289,12,quartic_1_plus_l2_m2_n1.txt,0afe6281bec6a6224bfd55fe4600d5966c6a7135,https://github.com/pacmn91/BeyondKerrQNM,https://arxiv.org/abs/2409.04517,GPL-3.0
221,2,2,1,quartic_1,epsilon1,8,preserving,plus,11,-1.369,-2.3738,12,quartic_1_plus_l2_m2_n1.txt,0afe6281bec6a6224bfd55fe4600d5966c6a7135,https://github.com/pacmn91/BeyondKerrQNM,https://arxiv.org/abs/2409.04517,GPL-3.0
221,2,2,1,quartic_1,epsilon1,8,preserving,plus,12,0.0,5.0466,12,quartic_1_plus_l2_m2_n1.txt,0afe6281bec6a6224bfd55fe4600d5966c6a7135,https://github.com/pacmn91/BeyondKerrQNM,https://arxiv.org/abs/2409.04517,GPL-3.0
221,2,2,1,quartic_1,epsilon1,8,preserving,minus,0,-0.60049,0.47332,11,quartic_1_minus_l2_m2_n1.txt,0afe6281bec6a6224bfd55fe4600d5966c6a7135,https://github.com/pacmn91/BeyondKerrQNM,https://arxiv.org/abs/2409.04517,GPL-3.0
221,2,2,1,quartic_1,epsilon1,8,preserving,minus,1,0.86063,2.2755,11,quartic_1_minus_l2_m2_n1.txt,0afe6281bec6a6224bfd55fe4600d5966c6a7135,https://github.com/pacmn91/BeyondKerrQNM,https://arxiv.org/abs/2409.04517,GPL-3.0
221,2,2,1,quartic_1,epsilon1,8,preserving,minus,2,6.8339,-5.0869,11,quartic_1_minus_l2_m2_n1.txt,0afe6281bec6a6224bfd55fe4600d5966c6a7135,https://github.com/pacmn91/BeyondKerrQNM,https://arxiv.org/abs/2409.04517,GPL-3.0
221,2,2,1,quartic_1,epsilon1,8,preserving,minus,3,-8.0807,-19.718,11,quartic_1_minus_l2_m2_n1.txt,0afe6281bec6a6224bfd55fe4600d5966c6a7135,https://github.com/pacmn91/BeyondKerrQNM,https://arxiv.org/abs/2409.04517,GPL-3.0
221,2,2,1,quartic_1,epsilon1,8,preserving,minus,4,-31.408,4.5126,11,quartic_1_minus_l2_m2_n1.txt,0afe6281bec6a6224bfd55fe4600d5966c6a7135,https://github.com/pacmn91/BeyondKerrQNM,https://arxiv.org/abs/2409.04517,GPL-3.0
221,2,2,1,quartic_1,epsilon1,8,preserving,minus,5,0.84632,33.398,11,quartic_1_minus_l2_m2_n1.txt,0afe6281bec6a6224bfd55fe4600d5966c6a7135,https://github.com/pacmn91/BeyondKerrQNM,https://arxiv.org/abs/2409.04517,GPL-3.0
221,2,2,1,quartic_1,epsilon1,8,preserving,minus,6,27.536,-1.8833,11,quartic_1_minus_l2_m2_n1.txt,0afe6281bec6a6224bfd55fe4600d5966c6a7135,https://github.com/pacmn91/BeyondKerrQNM,https://arxiv.org/abs/2409.04517,GPL-3.0
221,2,2,1,quartic_1,epsilon1,8,preserving,minus,7,-3.9094,-17.582,11,quartic_1_minus_l2_m2_n1.txt,0afe6281bec6a6224bfd55fe4600d5966c6a7135,https://github.com/pacmn91/BeyondKerrQNM,https://arxiv.org/abs/2409.04517,GPL-3.0
221,2,2,1,quartic_1,epsilon1,8,preserving,minus,8,-4.574,4.4167,11,quartic_1_minus_l2_m2_n1.txt,0afe6281bec6a6224bfd55fe4600d5966c6a7135,https://github.com/pacmn91/BeyondKerrQNM,https://arxiv.org/abs/2409.04517,GPL-3.0
221,2,2,1,quartic_1,epsilon1,8,preserving,minus,9,5.3681,-6.8861,11,quartic_1_minus_l2_m2_n1.txt,0afe6281bec6a6224bfd55fe4600d5966c6a7135,https://github.com/pacmn91/BeyondKerrQNM,https://arxiv.org/abs/2409.04517,GPL-3.0
221,2,2,1,quartic_1,epsilon1,8,preserving,minus,10,-7.4992,-6.6255,11,quartic_1_minus_l2_m2_n1.txt,0afe6281bec6a6224bfd55fe4600d5966c6a7135,https://github.com/pacmn91/BeyondKerrQNM,https://arxiv.org/abs/2409.04517,GPL-3.0
221,2,2,1,quartic_1,epsilon1,8,preserving,minus,11,-1.9368,4.069,11,quartic_1_minus_l2_m2_n1.txt,0afe6281bec6a6224bfd55fe4600d5966c6a7135,https://github.com/pacmn91/BeyondKerrQNM,https://arxiv.org/abs/2409.04517,GPL-3.0
221,2,2,1,quartic_2,epsilon2,8,preserving,plus,0,0.0,0.0,13,quartic_2_plus_l2_m2_n1.txt,0afe6281bec6a6224bfd55fe4600d5966c6a7135,https://github.com/pacmn91/BeyondKerrQNM,https://arxiv.org/abs/2409.04517,GPL-3.0
221,2,2,1,quartic_2,epsilon2,8,preserving,plus,1,1.6056,0.98835,13,quartic_2_plus_l2_m2_n1.txt,0afe6281bec6a6224bfd55fe4600d5966c6a7135,https://github.com/pacmn91/BeyondKerrQNM,https://arxiv.org/abs/2409.04517,GPL-3.0
221,2,2,1,quartic_2,epsilon2,8,preserving,plus,2,4.4434,-6.5623,13,quartic_2_plus_l2_m2_n1.txt,0afe6281bec6a6224bfd55fe4600d5966c6a7135,https://github.com/pacmn91/BeyondKerrQNM,https://arxiv.org/abs/2409.04517,GPL-3.0
221,2,2,1,quartic_2,epsilon2,8,preserving,plus,3,-12.231,-12.068,13,quartic_2_plus_l2_m2_n1.txt,0afe6281bec6a6224bfd55fe4600d5966c6a7135,https://github.com/pacmn91/BeyondKerrQNM,https://arxiv.org/abs/2409.04517,GPL-3.0
221,2,2,1,quartic_2,epsilon2,8,preserving,plus,4,-21.85,16.455,13,quartic_2_plus_l2_m2_n1.txt,0afe6281bec6a6224bfd55fe4600d5966c6a7135,https://github.com/pacmn91/BeyondKerrQNM,https://arxiv.org/abs/2409.04517,GPL-3.0
221,2,2,1,quartic_2,epsilon2,8,preserving,plus,5,15.822,28.849,13,quartic_2_plus_l2_m2_n1.txt,0afe6281bec6a6224bfd55fe4600d5966c6a7135,https://github.com/pacmn91/BeyondKerrQNM,https://arxiv.org/abs/2409.04517,GPL-3.0
221,2,2,1,quartic_2,epsilon2,8,preserving,plus,6,26.008,-11.977,13,quartic_2_plus_l2_m2_n1.txt,0afe6281bec6a6224bfd55fe4600d5966c6a7135,https://github.com/pacmn91/BeyondKerrQNM,https://arxiv.org/abs/2409.04517,GPL-3.0
221,2,2,1,quartic_2,epsilon2,8,preserving,plus,7,-9.1595,-15.471,13,quartic_2_plus_l2_m2_n1.txt,0afe6281bec6a6224bfd55fe4600d5966c6a7135,https://github.com/pacmn91/BeyondKerrQNM,https://arxiv.org/abs/2409.04517,GPL-3.0
221,2,2,1,quartic_2,epsilon2,8,preserving,plus,8,-4.022,5.736,13,quartic_2_plus_l2_m2_n1.txt,0afe6281bec6a6224bfd55fe4600d5966c6a7135,https://github.com/pacmn91/BeyondKerrQNM,https://arxiv.org/abs/2409.04517,GPL-3.0
221,2,2,1,quartic_2,epsilon2,8,preserving,plus,9,1.8943,-5.7927,13,quartic_2_plus_l2_m2_n1.txt,0afe6281bec6a6224bfd55fe4600d5966c6a7135,https://github.com/pacmn91/BeyondKerrQNM,https://arxiv.org/abs/2409.04517,GPL-3.0
221,2,2,1,quartic_2,epsilon2,8,preserving,plus,10,-6.3594,-0.50045,13,quartic_2_plus_l2_m2_n1.txt,0afe6281bec6a6224bfd55fe4600d5966c6a7135,https://github.com/pacmn91/BeyondKerrQNM,https://arxiv.org/abs/2409.04517,GPL-3.0
221,2,2,1,quartic_2,epsilon2,8,preserving,plus,11,1.6267,2.9014,13,quartic_2_plus_l2_m2_n1.txt,0afe6281bec6a6224bfd55fe4600d5966c6a7135,https://github.com/pacmn91/BeyondKerrQNM,https://arxiv.org/abs/2409.04517,GPL-3.0
221,2,2,1,quartic_2,epsilon2,8,preserving,plus,12,-7.3473,-4.1765,13,quartic_2_plus_l2_m2_n1.txt,0afe6281bec6a6224bfd55fe4600d5966c6a7135,https://github.com/pacmn91/BeyondKerrQNM,https://arxiv.org/abs/2409.04517,GPL-3.0
221,2,2,1,quartic_2,epsilon2,8,preserving,plus,13,-8.5185,0.0,13,quartic_2_plus_l2_m2_n1.txt,0afe6281bec6a6224bfd55fe4600d5966c6a7135,https://github.com/pacmn91/BeyondKerrQNM,https://arxiv.org/abs/2409.04517,GPL-3.0
221,2,2,1,quartic_2,epsilon2,8,preserving,minus,0,-0.77766,-1.2586,10,quartic_2_minus_l2_m2_n1.txt,0afe6281bec6a6224bfd55fe4600d5966c6a7135,https://github.com/pacmn91/BeyondKerrQNM,https://arxiv.org/abs/2409.04517,GPL-3.0
221,2,2,1,quartic_2,epsilon2,8,preserving,minus,1,-3.614,-2.8121,10,quartic_2_minus_l2_m2_n1.txt,0afe6281bec6a6224bfd55fe4600d5966c6a7135,https://github.com/pacmn91/BeyondKerrQNM,https://arxiv.org/abs/2409.04517,GPL-3.0
221,2,2,1,quartic_2,epsilon2,8,preserving,minus,2,-9.4645,4.2038,10,quartic_2_minus_l2_m2_n1.txt,0afe6281bec6a6224bfd55fe4600d5966c6a7135,https://github.com/pacmn91/BeyondKerrQNM,https://arxiv.org/abs/2409.04517,GPL-3.0
221,2,2,1,quartic_2,epsilon2,8,preserving,minus,3,4.4029,17.886,10,quartic_2_minus_l2_m2_n1.txt,0afe6281bec6a6224bfd55fe4600d5966c6a7135,https://github.com/pacmn91/BeyondKerrQNM,https://arxiv.org/abs/2409.04517,GPL-3.0
221,2,2,1,quartic_2,epsilon2,8,preserving,minus,4,27.769,-5.8293,10,quartic_2_minus_l2_m2_n1.txt,0afe6281bec6a6224bfd55fe4600d5966c6a7135,https://github.com/pacmn91/BeyondKerrQNM,https://arxiv.org/abs/2409.04517,GPL-3.0
221,2,2,1,quartic_2,epsilon2,8,preserving,minus,5,-4.2177,-35.94,10,quartic_2_minus_l2_m2_n1.txt,0afe6281bec6a6224bfd55fe4600d5966c6a7135,https://github.com/pacmn91/BeyondKerrQNM,https://arxiv.org/abs/2409.04517,GPL-3.0
221,2,2,1,quartic_2,epsilon2,8,preserving,minus,6,-31.43,-0.28334,10,quartic_2_minus_l2_m2_n1.txt,0afe6281bec6a6224bfd55fe4600d5966c6a7135,https://github.com/pacmn91/BeyondKerrQNM,https://arxiv.org/abs/2409.04517,GPL-3.0
221,2,2,1,quartic_2,epsilon2,8,preserving,minus,7,1.1338,15.811,10,quartic_2_minus_l2_m2_n1.txt,0afe6281bec6a6224bfd55fe4600d5966c6a7135,https://github.com/pacmn91/BeyondKerrQNM,https://arxiv.org/abs/2409.04517,GPL-3.0
221,2,2,1,quartic_2,epsilon2,8,preserving,minus,8,1.3958,-6.4026,10,quartic_2_minus_l2_m2_n1.txt,0afe6281bec6a6224bfd55fe4600d5966c6a7135,https://github.com/pacmn91/BeyondKerrQNM,https://arxiv.org/abs/2409.04517,GPL-3.0
221,2,2,1,quartic_2,epsilon2,8,preserving,minus,9,-8.278,0.31713,10,quartic_2_minus_l2_m2_n1.txt,0afe6281bec6a6224bfd55fe4600d5966c6a7135,https://github.com/pacmn91/BeyondKerrQNM,https://arxiv.org/abs/2409.04517,GPL-3.0
221,2,2,1,quartic_2,epsilon2,8,preserving,minus,10,3.5793,0.0,10,quartic_2_minus_l2_m2_n1.txt,0afe6281bec6a6224bfd55fe4600d5966c6a7135,https://github.com/pacmn91/BeyondKerrQNM,https://arxiv.org/abs/2409.04517,GPL-3.0
221,2,2,1,quartic_3,epsilon3,8,breaking,plus,0,0.16978,0.74156,11,quartic_3_plus_l2_m2_n1.txt,0afe6281bec6a6224bfd55fe4600d5966c6a7135,https://github.com/pacmn91/BeyondKerrQNM,https://arxiv.org/abs/2409.04517,GPL-3.0
221,2,2,1,quartic_3,epsilon3,8,breaking,plus,1,2.2817,1.6682,11,quartic_3_plus_l2_m2_n1.txt,0afe6281bec6a6224bfd55fe4600d5966c6a7135,https://github.com/pacmn91/BeyondKerrQNM,https://arxiv.org/abs/2409.04517,GPL-3.0
221,2,2,1,quartic_3,epsilon3,8,breaking,plus,2,6.3005,-5.8189,11,quartic_3_plus_l2_m2_n1.txt,0afe6281bec6a6224bfd55fe4600d5966c6a7135,https://github.com/pacmn91/BeyondKerrQNM,https://arxiv.org/abs/2409.04517,GPL-3.0
221,2,2,1,quartic_3,epsilon3,8,breaking,plus,3,-9.3736,-15.647,11,quartic_3_plus_l2_m2_n1.txt,0afe6281bec6a6224bfd55fe4600d5966c6a7135,https://github.com/pacmn91/BeyondKerrQNM,https://arxiv.org/abs/2409.04517,GPL-3.0
221,2,2,1,quartic_3,epsilon3,8,breaking,plus,4,-26.088,11.177,11,quartic_3_plus_l2_m2_n1.txt,0afe6281bec6a6224bfd55fe4600d5966c6a7135,https://github.com/pacmn91/BeyondKerrQNM,https://arxiv.org/abs/2409.04517,GPL-3.0
221,2,2,1,quartic_3,epsilon3,8,breaking,plus,5,9.9514,32.458,11,quartic_3_plus_l2_m2_n1.txt,0afe6281bec6a6224bfd55fe4600d5966c6a7135,https://github.com/pacmn91/BeyondKerrQNM,https://arxiv.org/abs/2409.04517,GPL-3.0
221,2,2,1,quartic_3,epsilon3,8,breaking,plus,6,28.815,-6.8222,11,quartic_3_plus_l2_m2_n1.txt,0afe6281bec6a6224bfd55fe4600d5966c6a7135,https://github.com/pacmn91/BeyondKerrQNM,https://arxiv.org/abs/2409.04517,GPL-3.0
221,2,2,1,quartic_3,epsilon3,8,breaking,plus,7,-5.3746,-16.291,11,quartic_3_plus_l2_m2_n1.txt,0afe6281bec6a6224bfd55fe4600d5966c6a7135,https://github.com/pacmn91/BeyondKerrQNM,https://arxiv.org/abs/2409.04517,GPL-3.0
221,2,2,1,quartic_3,epsilon3,8,breaking,plus,8,-2.6463,5.2729,11,quartic_3_plus_l2_m2_n1.txt,0afe6281bec6a6224bfd55fe4600d5966c6a7135,https://github.com/pacmn91/BeyondKerrQNM,https://arxiv.org/abs/2409.04517,GPL-3.0
221,2,2,1,quartic_3,epsilon3,8,breaking,plus,9,5.0285,-6.6678,11,quartic_3_plus_l2_m2_n1.txt,0afe6281bec6a6224bfd55fe4600d5966c6a7135,https://github.com/pacmn91/BeyondKerrQNM,https://arxiv.org/abs/2409.04517,GPL-3.0
221,2,2,1,quartic_3,epsilon3,8,breaking,plus,10,-6.5466,-2.9114,11,quartic_3_plus_l2_m2_n1.txt,0afe6281bec6a6224bfd55fe4600d5966c6a7135,https://github.com/pacmn91/BeyondKerrQNM,https://arxiv.org/abs/2409.04517,GPL-3.0
221,2,2,1,quartic_3,epsilon3,8,breaking,plus,11,-0.24257,5.5723,11,quartic_3_plus_l2_m2_n1.txt,0afe6281bec6a6224bfd55fe4600d5966c6a7135,https://github.com/pacmn91/BeyondKerrQNM,https://arxiv.org/abs/2409.04517,GPL-3.0
221,2,2,1,quartic_3,epsilon3,8,breaking,minus,0,-0.16978,-0.74156,11,quartic_3_minus_l2_m2_n1.txt,0afe6281bec6a6224bfd55fe4600d5966c6a7135,https://github.com/pacmn91/BeyondKerrQNM,https://arxiv.org/abs/2409.04517,GPL-3.0
221,2,2,1,quartic_3,epsilon3,8,breaking,minus,1,-2.2817,-1.6682,11,quartic_3_minus_l2_m2_n1.txt,0afe6281bec6a6224bfd55fe4600d5966c6a7135,https://github.com/pacmn91/BeyondKerrQNM,https://arxiv.org/abs/2409.04517,GPL-3.0
221,2,2,1,quartic_3,epsilon3,8,breaking,minus,2,-6.3005,5.8189,11,quartic_3_minus_l2_m2_n1.txt,0afe6281bec6a6224bfd55fe4600d5966c6a7135,https://github.com/pacmn91/BeyondKerrQNM,https://arxiv.org/abs/2409.04517,GPL-3.0
221,2,2,1,quartic_3,epsilon3,8,breaking,minus,3,9.3736,15.647,11,quartic_3_minus_l2_m2_n1.txt,0afe6281bec6a6224bfd55fe4600d5966c6a7135,https://github.com/pacmn91/BeyondKerrQNM,https://arxiv.org/abs/2409.04517,GPL-3.0
221,2,2,1,quartic_3,epsilon3,8,breaking,minus,4,26.088,-11.177,11,quartic_3_minus_l2_m2_n1.txt,0afe6281bec6a6224bfd55fe4600d5966c6a7135,https://github.com/pacmn91/BeyondKerrQNM,https://arxiv.org/abs/2409.04517,GPL-3.0
221,2,2,1,quartic_3,epsilon3,8,breaking,minus,5,-9.9514,-32.458,11,quartic_3_minus_l2_m2_n1.txt,0afe6281bec6a6224bfd55fe4600d5966c6a7135,https://github.com/pacmn91/BeyondKerrQNM,https://arxiv.org/abs/2409.04517,GPL-3.0
221,2,2,1,quartic_3,epsilon3,8,breaking,minus,6,-28.815,6.8222,11,quartic_3_minus_l2_m2_n1.txt,0afe6281bec6a6224bfd55fe4600d5966c6a7135,https://github.com/pacmn91/BeyondKerrQNM,https://arxiv.org/abs/2409.04517,GPL-3.0
221,2,2,1,quartic_3,epsilon3,8,breaking,minus,7,5.3746,16.291,11,quartic_3_minus_l2_m2_n1.txt,0afe6281bec6a6224bfd55fe4600d5966c6a7135,https://github.com/pacmn91/BeyondKerrQNM,https://arxiv.org/abs/2409.04517,GPL-3.0
221,2,2,1,quartic_3,epsilon3,8,breaking,minus,8,2.6463,-5.2729,11,quartic_3_minus_l2_m2_n1.txt,0afe6281bec6a6224bfd55fe4600d5966c6a7135,https://github.com/pacmn91/BeyondKerrQNM,https://arxiv.org/abs/2409.04517,GPL-3.0
221,2,2,1,quartic_3,epsilon3,8,breaking,minus,9,-5.0285,6.6678,11,quartic_3_minus_l2_m2_n1.txt,0afe6281bec6a6224bfd55fe4600d5966c6a7135,https://github.com/pacmn91/BeyondKerrQNM,https://arxiv.org/abs/2409.04517,GPL-3.0
221,2,2,1,quartic_3,epsilon3,8,breaking,minus,10,6.5466,2.9114,11,quartic_3_minus_l2_m2_n1.txt,0afe6281bec6a6224bfd55fe4600d5966c6a7135,https://github.com/pacmn91/BeyondKerrQNM,https://arxiv.org/abs/2409.04517,GPL-3.0
221,2,2,1,quartic_3,epsilon3,8,breaking,minus,11,0.24257,-5.5723,11,quartic_3_minus_l2_m2_n1.txt,0afe6281bec6a6224bfd55fe4600d5966c6a7135,https://github.com/pacmn91/BeyondKerrQNM,https://arxiv.org/abs/2409.04517,GPL-3.0
222,2,2,2,cubic_even,lambda_ev,6,preserving,plus,0,0.71316,0.81422,11,cubic_even_plus_l2_m2_n2.txt,0afe6281bec6a6224bfd55fe4600d5966c6a7135,https://github.com/pacmn91/BeyondKerrQNM,https://arxiv.org/abs/2409.04517,GPL-3.0
222,2,2,2,cubic_even,lambda_ev,6,preserving,plus,1,4.7714,-3.3323,11,cubic_even_plus_l2_m2_n2.txt,0afe6281bec6a6224bfd55fe4600d5966c6a7135,https://github.com/pacmn91/BeyondKerrQNM,https://arxiv.org/abs/2409.04517,GPL-3.0
222,2,2,2,cubic_even,lambda_ev,6,preserving,plus,2,-6.7228,-11.831,11,cubic_even_plus_l2_m2_n2.txt,0afe6281bec6a6224bfd55fe4600d5966c6a7135,https://github.com/pacmn91/BeyondKerrQNM,https://arxiv.org/abs/2409.04517,GPL-3.0
222,2,2,2,cubic_even,lambda_ev,6,preserving,plus,3,-21.423,13.055,11,cubic_even_plus_l2_m2_n2.txt,0afe6281bec6a6224bfd55fe4600d5966c6a7135,https://github.com/pacmn91/BeyondKerrQNM,https://arxiv.org/abs/2409.04517,GPL-3.0
222,2,2,2,cubic_even,lambda_ev,6,preserving,plus,4,16.603,33.381,11,cubic_even_plus_l2_m2_n2.txt,0afe6281bec6a6224bfd55fe4600d5966c6a7135,https://github.com/pacmn91/BeyondKerrQNM,https://arxiv.org/abs/2409.04517,GPL-3.0
222,2,2,2,cubic_even,lambda_ev,6,preserving,plus,5,33.01,-15.796,11,cubic_even_plus_l2_m2_n2.txt,0afe6281bec6a6224bfd55fe4600d5966c6a7135,https://github.com/pacmn91/BeyondKerrQNM,https://arxiv.org/abs/2409.04517,GPL-3.0
222,2,2,2,cubic_even,lambda_ev,6,preserving,plus,6,-18.819,-23.783,11,cubic_even_plus_l2_m2_n2.txt,0afe6281bec6a6224bfd55fe4600d5966c6a7135,https://github.com/pacmn91/BeyondKerrQNM,https://arxiv.org/abs/2409.04517,GPL-3.0
222,2,2,2,cubic_even,lambda_ev,6,preserving,plus,7,-12.33,15.494,11,cubic_even_plus_l2_m2_n2.txt,0afe6281bec6a6224bfd55fe4600d5966c6a7135,https://github.com/pacmn91/BeyondKerrQNM,https://arxiv.org/abs/2409.04517,GPL-3.0
222,2,2,2,cubic_even,lambda_ev,6,preserving,plus,8,8.2769,-3.9234,11,cubic_even_plus_l2_m2_n2.txt,0afe6281bec6a6224bfd55fe4600d5966c6a7135,https://github.com/pacmn91/BeyondKerrQNM,https://arxiv.org/abs/2409.04517,GPL-3.0
222,2,2,2,cubic_even,lambda_ev,6,preserving,plus,9,-12.726,-5.159,11,cubic_even_plus_l2_m2_n2.txt,0afe6281bec6a6224bfd55fe4600d5966c6a7135,https://github.com/pacmn91/BeyondKerrQNM,https://arxiv.org/abs/2409.04517,GPL-3.0
222,2,2,2,cubic_even,lambda_ev,6,preserving,plus,10,-3.5656,4.7645,11,cubic_even_plus_l2_m2_n2.txt,0afe6281bec6a6224bfd55fe4600d5966c6a7135,https://github.com/pacmn91/BeyondKerrQNM,https://arxiv.org/abs/2409.04517,GPL-3.0
222,2,2,2,cubic_even,lambda_ev,6,preserving,plus,11,0.0,-8.777,11,cubic_even_plus_l2_m2_n2.txt,0afe6281bec6a6224bfd55fe4600d5966c6a7135,https://github.com/pacmn91/BeyondKerrQNM,https://arxiv.org/abs/2409.04517,GPL-3.0
222,2,2,2,cubic_even,lambda_ev,6,preserving,minus,0,-0.48728,-1.7215,10,cubic_even_minus_l2_m2_n2.txt,0afe6281bec6a6224bfd55fe4600d5966c6a7135,https://github.com/pacmn91/BeyondKerrQNM,https://arxiv.org/abs/2409.04517,GPL-3.0
222,2,2,2,cubic_even,lambda_ev,6,preserving,minus,1,-8.664,2.2862,10,cubic_even_minus_l2_m2_n2.txt,0afe6281bec6a6224bfd55fe4600d5966c6a7135,https://github.com/pacmn91/BeyondKerrQNM,https://arxiv.org/abs/2409.04517,GPL-3.0
222,2,2,2,cubic_even,lambda_ev,6,preserving,minus,2,2.2049,22.261,10,cubic_even_minus_l2_m2_n2.txt,0afe6281bec6a6224bfd55fe4600d5966c6a7135,https://github.com/pacmn91/BeyondKerrQNM,https://arxiv.org/abs/2409.04517,GPL-3.0
222,2,2,2,cubic_even,lambda_ev,6,preserving,minus,3,39.319,-1.2154,10,cubic_even_minus_l2_m2_n2.txt,0afe6281bec6a6224bfd55fe4600d5966c6a7135,https://github.com/pacmn91/BeyondKerrQNM,https://arxiv.org/abs/2409.04517,GPL-3.0
222,2,2,2,cubic_even,lambda_ev,6,preserving,minus,4,1.3935,-55.047,10,cubic_even_minus_l2_m2_n2.txt,0afe6281bec6a6224bfd55fe4600d5966c6a7135,https://github.com/pacmn91/BeyondKerrQNM,https://arxiv.org/abs/2409.04517,GPL-3.0
222,2,2,2,cubic_even,lambda_ev,6,preserving,minus,5,-56.587,-2.6974,10,cubic_even_minus_l2_m2_n2.txt,0afe6281bec6a6224bfd55fe4600d5966c6a7135,https://github.com/pacmn91/BeyondKerrQNM,https://arxiv.org/abs/2409.04517,GPL-3.0
222,2,2,2,cubic_even,lambda_ev,6,preserving,minus,6,3.5892,44.355,10,cubic_even_minus_l2_m2_n2.txt,0afe6281bec6a6224bfd55fe4600d5966c6a7135,https://github.com/pacmn91/BeyondKerrQNM,https://arxiv.org/abs/2409.04517,GPL-3.0
222,2,2,2,cubic_even,lambda_ev,6,preserving,minus,7,24.55,-11.012,10,cubic_even_minus_l2_m2_n2.txt,0afe6281bec6a6224bfd55fe4600d5966c6a7135,https://github.com/pacmn91/BeyondKerrQNM,https://arxiv.org/abs/2409.04517,GPL-3.0
222,2,2,2,cubic_even,lambda_ev,6,preserving,minus,8,-15.066,-3.0218,10,cubic_even_minus_l2_m2_n2.txt,0afe6281bec6a6224bfd55fe4600d5966c6a7135,https://github.com/pacmn91/BeyondKerrQNM,https://arxiv.org/abs/2409.04517,GPL-3.0
222,2,2,2,cubic_even,lambda_ev,6,preserving,minus,9,6.9842,14.653,10,cubic_even_minus_l2_m2_n2.txt,0afe6281bec6a6224bfd55fe4600d5966c6a7135,https://github.com/pacmn91/BeyondKerrQNM,https://arxiv.org/abs/2409.04517,GPL-3.0
222,2,2,2,cubic_even,lambda_ev,6,preserving,minus,10,6.045,-8.5134,10,cubic_even_minus_l2_m2_n2.txt,0afe6281bec6a6224bfd55fe4600d5966c6a7135,https://github.com/pacmn91/BeyondKerrQNM,https://arxiv.org/abs/2409.04517,GPL-3.0
222,2,2,2,cubic_odd,lambda_odd,6,breaking,plus,0,-0.63659,-1.2246,11,cubic_odd_plus_l2_m2_n2.txt,0afe6281bec6a6224bfd55fe4600d5966c6a7135,https://github.com/pacmn91/BeyondKerrQNM,https://arxiv.org/abs/2409.04517,GPL-3.0
222,2,2,2,cubic_odd,lambda_odd,6,breaking,plus,1,-6.5107,3.076,11,cubic_odd_plus_l2_m2_n2.txt,0afe6281bec6a6224bfd55fe4600d5966c6a7135,https://github.com/pacmn91/BeyondKerrQNM,https://arxiv.org/abs/2409.04517,GPL-3.0
222,2,2,2,cubic_odd,lambda_odd,6,breaking,plus,2,5.3457,16.707,11,cubic_odd_plus_l2_m2_n2.txt,0afe6281bec6a6224bfd55fe4600d5966c6a7135,https://github.com/pacmn91/BeyondKerrQNM,https://arxiv.org/abs/2409.04517,GPL-3.0
222,2,2,2,cubic_odd,lambda_odd,6,breaking,plus,3,30.087,-8.7899,11,cubic_odd_plus_l2_m2_n2.txt,0afe6281bec6a6224bfd55fe4600d5966c6a7135,https://github.com/pacmn91/BeyondKerrQNM,https://arxiv.org/abs/2409.04517,GPL-3.0
222,2,2,2,cubic_odd,lambda_odd,6,breaking,plus,4,-9.9684,-44.038,11,cubic_odd_plus_l2_m2_n2.txt,0afe6281bec6a6224bfd55fe4600d5966c6a7135,https://github.com/pacmn91/BeyondKerrQNM,https://arxiv.org/abs/2409.04517,GPL-3.0
222,2,2,2,cubic_odd,lambda_odd,6,breaking,plus,5,-44.915,9.1597,11,cubic_odd_plus_l2_m2_n2.txt,0afe6281bec6a6224bfd55fe4600d5966c6a7135,https://github.com/pacmn91/BeyondKerrQNM,https://arxiv.org/abs/2409.04517,GPL-3.0
222,2,2,2,cubic_odd,lambda_odd,6,breaking,plus,6,13.09,34.17,11,cubic_odd_plus_l2_m2_n2.txt,0afe6281bec6a6224bfd55fe4600d5966c6a7135,https://github.com/pacmn91/BeyondKerrQNM,https://arxiv.org/abs/2409.04517,GPL-3.0
222,2,2,2,cubic_odd,lambda_odd,6,breaking,plus,7,17.911,-14.162,11,cubic_odd_plus_l2_m2_n2.txt,0afe6281bec6a6224bfd55fe4600d5966c6a7135,https://github.com/pacmn91/BeyondKerrQNM,https://arxiv.org/abs/2409.04517,GPL-3.0
222,2,2,2,cubic_odd,lambda_odd,6,breaking,plus,8,-12.249,1.1814,11,cubic_odd_plus_l2_m2_n2.txt,0afe6281bec6a6224bfd55fe4600d5966c6a7135,https://github.com/pacmn91/BeyondKerrQNM,https://arxiv.org/abs/2409.04517,GPL-3.0
222,2,2,2,cubic_odd,lambda_odd,6,breaking,plus,9,10.069,8.8769,11,cubic_odd_plus_l2_m2_n2.txt,0afe6281bec6a6224bfd55fe4600d5966c6a7135,https://github.com/pacmn91/BeyondKerrQNM,https://arxiv.org/abs/2409.04517,GPL-3.0
222,2,2,2,cubic_odd,lambda_odd,6,breaking,plus,10,4.3537,-7.2436,11,cubic_odd_plus_l2_m2_n2.txt,0afe6281bec6a6224bfd55fe4600d5966c6a7135,https://github.com/pacmn91/BeyondKerrQNM,https://arxiv.org/abs/2409.04517,GPL-3.0
222,2,2,2,cubic_odd,lambda_odd,6,breaking,plus,11,0.0,6.4763,11,cubic_odd_plus_l2_m2_n2.txt,0afe6281bec6a6224bfd55fe4600d5966c6a7135,https://github.com/pacmn91/BeyondKerrQNM,https://arxiv.org/abs/2409.04517,GPL-3.0
222,2,2,2,cubic_odd,lambda_odd,6,breaking,minus,0,0.63659,1.2246,11,cubic_odd_minus_l2_m2_n2.txt,0afe6281bec6a6224bfd55fe4600d5966c6a7135,https://github.com/pacmn91/BeyondKerrQNM,https://arxiv.org/abs/2409.04517,GPL-3.0
222,2,2,2,cubic_odd,lambda_odd,6,breaking,minus,1,6.5107,-3.076,11,cubic_odd_minus_l2_m2_n2.txt,0afe6281bec6a6224bfd55fe4600d5966c6a7135,https://github.com/pacmn91/BeyondKerrQNM,https://arxiv.org/abs/2409.04517,GPL-3.0
222,2,2,2,cubic_odd,lambda_odd,6,breaking,minus,2,-5.3457,-16.707,11,cubic_odd_minus_l2_m2_n2.txt,0afe6281bec6a6224bfd55fe4600d5966c6a7135,https://github.com/pacmn91/BeyondKerrQNM,https://arxiv.org/abs/2409.04517,GPL-3.0
222,2,2,2,cubic_odd,lambda_odd,6,breaking,minus,3,-30.087,8.7899,11,cubic_odd_minus_l2_m2_n2.txt,0afe6281bec6a6224bfd55fe4600d5966c6a7135,https://github.com/pacmn91/BeyondKerrQNM,https://arxiv.org/abs/2409.04517,GPL-3.0
222,2,2,2,cubic_odd,lambda_odd,6,breaking,minus,4,9.9684,44.038,11,cubic_odd_minus_l2_m2_n2.txt,0afe6281bec6a6224bfd55fe4600d5966c6a7135,https://github.com/pacmn91/BeyondKerrQNM,https://arxiv.org/abs/2409.04517,GPL-3.0
222,2,2,2,cubic_odd,lambda_odd,6,breaking,minus,5,44.915,-9.1597,11,cubic_odd_minus_l2_m2_n2.txt,0afe6281bec6a6224bfd55fe4600d5966c6a7135,https://github.com/pacmn91/BeyondKerrQNM,https://arxiv.org/abs/2409.04517,GPL-3.0
222,2,2,2,cubic_odd,lambda_odd,6,breaking,minus,6,-13.09,-34.17,11,cubic_odd_minus_l2_m2_n2.txt,0afe6281bec6a6224bfd55fe4600d5966c6a7135,https://github.com/pacmn91/BeyondKerrQNM,https://arxiv.org/abs/2409.04517,GPL-3.0
222,2,2,2,cubic_odd,lambda_odd,6,breaking,minus,7,-17.911,14.162,11,cubic_odd_minus_l2_m2_n2.txt,0afe6281bec6a6224bfd55fe4600d5966c6a7135,https://github.com/pacmn91/BeyondKerrQNM,https://arxiv.org/abs/2409.04517,GPL-3.0
222,2,2,2,cubic_odd,lambda_odd,6,breaking,minus,8,12.249,-1.1814,11,cubic_odd_minus_l2_m2_n2.txt,0afe6281bec6a6224bfd55fe4600d5966c6a7135,https://github.com/pacmn91/BeyondKerrQNM,https://arxiv.org/abs/2409.04517,GPL-3.0
222,2,2,2,cubic_odd,lambda_odd,6,breaking,minus,9,-10.069,-8.8769,11,cubic_odd_minus_l2_m2_n2.txt,0afe6281bec6a6224bfd55fe4600d5966c6a7135,https://github.com/pacmn91/BeyondKerrQNM,https://arxiv.org/abs/2409.04517,GPL-3.0
222,2,2,2,cubic_odd,lambda_odd,6,breaking,minus,10,-4.3537,7.2436,11,cubic_odd_minus_l2_m2_n2.txt,0afe6281bec6a6224bfd55fe4600d5966c6a7135,https://github.com/pacmn91/BeyondKerrQNM,https://arxiv.org/abs/2409.04517,GPL-3.0
222,2,2,2,cubic_odd,lambda_odd,6,breaking,minus,11,0.0,-6.4763,11,cubic_odd_minus_l2_m2_n2.txt,0afe6281bec6a6224bfd55fe4600d5966c6a7135,https://github.com/pacmn91/BeyondKerrQNM,https://arxiv.org/abs/2409.04517,GPL-3.0
222,2,2,2,quartic_1,epsilon1,8,preserving,plus,0,-2.2939,-3.4078,11,quartic_1_plus_l2_m2_n2.txt,0afe6281bec6a6224bfd55fe4600d5966c6a7135,https://github.com/pacmn91/BeyondKerrQNM,https://arxiv.org/abs/2409.04517,GPL-3.0
222,2,2,2,quartic_1,epsilon1,8,preserving,plus,1,-9.0444,3.0085,11,quartic_1_plus_l2_m2_n2.txt,0afe6281bec6a6224bfd55fe4600d5966c6a7135,https://github.com/pacmn91/BeyondKerrQNM,https://arxiv.org/abs/2409.04517,GPL-3.0
222,2,2,2,quartic_1,epsilon1,8,preserving,plus,2,6.0075,27.441,11,quartic_1_plus_l2_m2_n2.txt,0afe6281bec6a6224bfd55fe4600d5966c6a7135,https://github.com/pacmn91/BeyondKerrQNM,https://arxiv.org/abs/2409.04517,GPL-3.0
222,2,2,2,quartic_1,epsilon1,8,preserving,plus,3,66.918,-5.656,11,quartic_1_plus_l2_m2_n2.txt,0afe6281bec6a6224bfd55fe4600d5966c6a7135,https://github.com/pacmn91/BeyondKerrQNM,https://arxiv.org/abs/2409.04517,GPL-3.0
222,2,2,2,quartic_1,epsilon1,8,preserving,plus,4,-7.577,-116.65,11,quartic_1_plus_l2_m2_n2.txt,0afe6281bec6a6224bfd55fe4600d5966c6a7135,https://github.com/pacmn91/BeyondKerrQNM,https://arxiv.org/abs/2409.04517,GPL-3.0
222,2,2,2,quartic_1,epsilon1,8,preserving,plus,5,-161.54,16.355,11,quartic_1_plus_l2_m2_n2.txt,0afe6281bec6a6224bfd55fe4600d5966c6a7135,https://github.com/pacmn91/BeyondKerrQNM,https://arxiv.org/abs/2409.04517,GPL-3.0
222,2,2,2,quartic_1,epsilon1,8,preserving,plus,6,29.164,166.44,11,quartic_1_plus_l2_m2_n2.txt,0afe6281bec6a6224bfd55fe4600d5966c6a7135,https://github.com/pacmn91/BeyondKerrQNM,https://arxiv.org/abs/2409.04517,GPL-3.0
222,2,2,2,quartic_1,epsilon1,8,preserving,plus,7,117.19,-55.757,11,quartic_1_plus_l2_m2_n2.txt,0afe6281bec6a6224bfd55fe4600d5966c6a7135,https://github.com/pacmn91/BeyondKerrQNM,https://arxiv.org/abs/2409.04517,GPL-3.0
222,2,2,2,quartic_1,epsilon1,8,preserving,plus,8,-72.181,-55.984,11,quartic_1_plus_l2_m2_n2.txt,0afe6281bec6a6224bfd55fe4600d5966c6a7135,https://github.com/pacmn91/BeyondKerrQNM,https://arxiv.org/abs/2409.04517,GPL-3.0
222,2,2,2,quartic_1,epsilon1,8,preserving,plus,9,24.382,69.083,11,quartic_1_plus_l2_m2_n2.txt,0afe6281bec6a6224bfd55fe4600d5966c6a7135,https://github.com/pacmn91/BeyondKerrQNM,https://arxiv.org/abs/2409.04517,GPL-3.0
222,2,2,2,quartic_1,epsilon1,8,preserving,plus,10,38.154,-7.0375,11,quartic_1_plus_l2_m2_n2.txt,0afe6281bec6a6224bfd55fe4600d5966c6a7135,https://github.com/pacmn91/BeyondKerrQNM,https://arxiv.org/abs/2409.04517,GPL-3.0
222,2,2,2,quartic_1,epsilon1,8,preserving,plus,11,-45.596,0.0,11,quartic_1_plus_l2_m2_n2.txt,0afe6281bec6a6224bfd55fe4600d5966c6a7135,https://github.com/pacmn91/BeyondKerrQNM,https://arxiv.org/abs/2409.04517,GPL-3.0
222,2,2,2,quartic_1,epsilon1,8,preserving,minus,0,-0.41544,3.4392,11,quartic_1_minus_l2_m2_n2.txt,0afe6281bec6a6224bfd55fe4600d5966c6a7135,https://github.com/pacmn91/BeyondKerrQNM,https://arxiv.org/abs/2409.04517,GPL-3.0
222,2,2,2,quartic_1,epsilon1,8,preserving,minus,1,11.085,4.1015,11,quartic_1_minus_l2_m2_n2.txt,0afe6281bec6a6224bfd55fe4600d5966c6a7135,https://github.com/pacmn91/BeyondKerrQNM,https://arxiv.org/abs/2409.04517,GPL-3.0
222,2,2,2,quartic_1,epsilon1,8,preserving,minus,2,9.0911,-43.523,11,quartic_1_minus_l2_m2_n2.txt,0afe6281bec6a6224bfd55fe4600d5966c6a7135,https://github.com/pacmn91/BeyondKerrQNM,https://arxiv.org/abs/2409.04517,GPL-3.0
222,2,2,2,quartic_1,epsilon1,8,preserving,minus,3,-106.29,-37.374,11,quartic_1_minus_l2_m2_n2.txt,0afe6281bec6a6224bfd55fe4600d5966c6a7135,https://github.com/pacmn91/BeyondKerrQNM,https://arxiv.org/abs/2409.04517,GPL-3.0
222,2,2,2,quartic_1,epsilon1,8,preserving,minus,4,-76.214,170.28,11,quartic_1_minus_l2_m2_n2.txt,0afe6281bec6a6224bfd55fe4600d5966c6a7135,https://github.com/pacmn91/BeyondKerrQNM,https://arxiv.org/abs/2409.04517,GPL-3.0
222,2,2,2,quartic_1,epsilon1,8,preserving,minus,5,219.48,92.835,11,quartic_1_minus_l2_m2_n2.txt,0afe6281bec6a6224bfd55fe4600d5966c6a7135,https://github.com/pacmn91/BeyondKerrQNM,https://arxiv.org/abs/2409.04517,GPL-3.0
222,2,2,2,quartic_1,epsilon1,8,preserving,minus,6,75.601,-233.62,11,quartic_1_minus_l2_m2_n2.txt,0afe6281bec6a6224bfd55fe4600d5966c6a7135,https://github.com/pacmn91/BeyondKerrQNM,https://arxiv.org/abs/2409.04517,GPL-3.0
222,2,2,2,quartic_1,epsilon1,8,preserving,minus,7,-190.38,-23.533,11,quartic_1_minus_l2_m2_n2.txt,0afe6281bec6a6224bfd55fe4600d5966c6a7135,https://github.com/pacmn91/BeyondKerrQNM,https://arxiv.org/abs/2409.04517,GPL-3.0
222,2,2,2,quartic_1,epsilon1,8,preserving,minus,8,47.032,109.9,11,quartic_1_minus_l2_m2_n2.txt,0afe6281bec6a6224bfd55fe4600d5966c6a7135,https://github.com/pacmn91/BeyondKerrQNM,https://arxiv.org/abs/2409.04517,GPL-3.0
222,2,2,2,quartic_1,epsilon1,8,preserving,minus,9,10.84,-92.762,11,quartic_1_minus_l2_m2_n2.txt,0afe6281bec6a6224bfd55fe4600d5966c6a7135,https://github.com/pacmn91/BeyondKerrQNM,https://arxiv.org/abs/2409.04517,GPL-3.0
222,2,2,2,quartic_1,epsilon1,8,preserving,minus,10,-86.816,-4.456,11,quartic_1_minus_l2_m2_n2.txt,0afe6281bec6a6224bfd55fe4600d5966c6a7135,https://github.com/pacmn91/BeyondKerrQNM,https://arxiv.org/abs/2409.04517,GPL-3.0
222,2,2,2,quartic_1,epsilon1,8,preserving,minus,11,62.729,0.0,11,quartic_1_minus_l2_m2_n2.txt,0afe6281bec6a6224bfd55fe4600d5966c6a7135,https://github.com/pacmn91/BeyondKerrQNM,https://arxiv.org/abs/2409.04517,GPL-3.0
222,2,2,2,quartic_2,epsilon2,8,preserving,plus,0,0.0,0.0,12,quartic_2_plus_l2_m2_n2.txt,0afe6281bec6a6224bfd55fe4600d5966c6a7135,https://github.com/pacmn91/BeyondKerrQNM,https://arxiv.org/abs/2409.04517,GPL-3.0
222,2,2,2,quartic_2,epsilon2,8,preserving,plus,1,7.274,-1.0728,12,quartic_2_plus_l2_m2_n2.txt,0afe6281bec6a6224bfd55fe4600d5966c6a7135,https://github.com/pacmn91/BeyondKerrQNM,https://arxiv.org/abs/2409.04517,GPL-3.0
222,2,2,2,quartic_2,epsilon2,8,preserving,plus,2,-4.7558,-30.682,12,quartic_2_plus_l2_m2_n2.txt,0afe6281bec6a6224bfd55fe4600d5966c6a7135,https://github.com/pacmn91/BeyondKerrQNM,https://arxiv.org/abs/2409.04517,GPL-3.0
222,2,2,2,quartic_2,epsilon2,8,preserving,plus,3,-70.256,6.126,12,quartic_2_plus_l2_m2_n2.txt,0afe6281bec6a6224bfd55fe4600d5966c6a7135,https://github.com/pacmn91/BeyondKerrQNM,https://arxiv.org/abs/2409.04517,GPL-3.0
222,2,2,2,quartic_2,epsilon2,8,preserving,plus,4,10.562,116.65,12,quartic_2_plus_l2_m2_n2.txt,0afe6281bec6a6224bfd55fe4600d5966c6a7135,https://github.com/pacmn91/BeyondKerrQNM,https://arxiv.org/abs/2409.04517,GPL-3.0
222,2,2,2,quartic_2,epsilon2,8,preserving,plus,5,159.31,-18.117,12,quartic_2_plus_l2_m2_n2.txt,0afe6281bec6a6224bfd55fe4600d5966c6a7135,https://github.com/pacmn91/BeyondKerrQNM,https://arxiv.org/abs/2409.04517,GPL-3.0
222,2,2,2,quartic_2,epsilon2,8,preserving,plus,6,-27.428,-163.09,12,quartic_2_plus_l2_m2_n2.txt,0afe6281bec6a6224bfd55fe4600d5966c6a7135,https://github.com/pacmn91/BeyondKerrQNM,https://arxiv.org/abs/2409.04517,GPL-3.0
222,2,2,2,quartic_2,epsilon2,8,preserving,plus,7,-116.97,52.208,12,quartic_2_plus_l2_m2_n2.txt,0afe6281bec6a6224bfd55fe4600d5966c6a7135,https://github.com/pacmn91/BeyondKerrQNM,https://arxiv.org/abs/2409.04517,GPL-3.0
222,2,2,2,quartic_2,epsilon2,8,preserving,plus,8,70.098,46.753,12,quartic_2_plus_l2_m2_n2.txt,0afe6281bec6a6224bfd55fe4600d5966c6a7135,https://github.com/pacmn91/BeyondKerrQNM,https://arxiv.org/abs/2409.04517,GPL-3.0
222,2,2,2,quartic_2,epsilon2,8,preserving,plus,9,-22.855,-67.758,12,quartic_2_plus_l2_m2_n2.txt,0afe6281bec6a6224bfd55fe4600d5966c6a7135,https://github.com/pacmn91/BeyondKerrQNM,https://arxiv.org/abs/2409.04517,GPL-3.0
222,2,2,2,quartic_2,epsilon2,8,preserving,plus,10,-26.342,59.177,12,quartic_2_plus_l2_m2_n2.txt,0afe6281bec6a6224bfd55fe4600d5966c6a7135,https://github.com/pacmn91/BeyondKerrQNM,https://arxiv.org/abs/2409.04517,GPL-3.0
222,2,2,2,quartic_2,epsilon2,8,preserving,plus,11,45.879,24.58,12,quartic_2_plus_l2_m2_n2.txt,0afe6281bec6a6224bfd55fe4600d5966c6a7135,https://github.com/pacmn91/BeyondKerrQNM,https://arxiv.org/abs/2409.04517,GPL-3.0
222,2,2,2,quartic_2,epsilon2,8,preserving,plus,12,-46.611,0.0,12,quartic_2_plus_l2_m2_n2.txt,0afe6281bec6a6224bfd55fe4600d5966c6a7135,https://github.com/pacmn91/BeyondKerrQNM,https://arxiv.org/abs/2409.04517,GPL-3.0
222,2,2,2,quartic_2,epsilon2,8,preserving,minus,0,-2.596,-2.8232,11,quartic_2_minus_l2_m2_n2.txt,0afe6281bec6a6224bfd55fe4600d5966c6a7135,https://github.com/pacmn91/BeyondKerrQNM,https://arxiv.org/abs/2409.04517,GPL-3.0
222,2,2,2,quartic_2,epsilon2,8,preserving,minus,1,-17.329,-0.95108,11,quartic_2_minus_l2_m2_n2.txt,0afe6281bec6a6224bfd55fe4600d5966c6a7135,https://github.com/pacmn91/BeyondKerrQNM,https://arxiv.org/abs/2409.04517,GPL-3.0
222,2,2,2,quartic_2,epsilon2,8,preserving,minus,2,-13.946,46.933,11,quartic_2_minus_l2_m2_n2.txt,0afe6281bec6a6224bfd55fe4600d5966c6a7135,https://github.com/pacmn91/BeyondKerrQNM,https://arxiv.org/abs/2409.04517,GPL-3.0
222,2,2,2,quartic_2,epsilon2,8,preserving,minus,3,96.797,38.044,11,quartic_2_minus_l2_m2_n2.txt,0afe6281bec6a6224bfd55fe4600d5966c6a7135,https://github.com/pacmn91/BeyondKerrQNM,https://arxiv.org/abs/2409.04517,GPL-3.0
222,2,2,2,quartic_2,epsilon2,8,preserving,minus,4,67.801,-165.72,11,quartic_2_minus_l2_m2_n2.txt,0afe6281bec6a6224bfd55fe4600d5966c6a7135,https://github.com/pacmn91/BeyondKerrQNM,https://arxiv.org/abs/2409.04517,GPL-3.0
222,2,2,2,quartic_2,epsilon2,8,preserving,minus,5,-227.91,-95.046,11,quartic_2_minus_l2_m2_n2.txt,0afe6281bec6a6224bfd55fe4600d5966c6a7135,https://github.com/pacmn91/BeyondKerrQNM,https://arxiv.org/abs/2409.04517,GPL-3.0
222,2,2,2,quartic_2,epsilon2,8,preserving,minus,6,-87.238,235.02,11,quartic_2_minus_l2_m2_n2.txt,0afe6281bec6a6224bfd55fe4600d5966c6a7135,https://github.com/pacmn91/BeyondKerrQNM,https://arxiv.org/abs/2409.04517,GPL-3.0
222,2,2,2,quartic_2,epsilon2,8,preserving,minus,7,184.4,20.764,11,quartic_2_minus_l2_m2_n2.txt,0afe6281bec6a6224bfd55fe4600d5966c6a7135,https://github.com/pacmn91/BeyondKerrQNM,https://arxiv.org/abs/2409.04517,GPL-3.0
222,2,2,2,quartic_2,epsilon2,8,preserving,minus,8,-58.679,-110.33,11,quartic_2_minus_l2_m2_n2.txt,0afe6281bec6a6224bfd55fe4600d5966c6a7135,https://github.com/pacmn91/BeyondKerrQNM,https://arxiv.org/abs/2409.04517,GPL-3.0
222,2,2,2,quartic_2,epsilon2,8,preserving,minus,9,-17.387,82.666,11,quartic_2_minus_l2_m2_n2.txt,0afe6281bec6a6224bfd55fe4600d5966c6a7135,https://github.com/pacmn91/BeyondKerrQNM,https://arxiv.org/abs/2409.04517,GPL-3.0
222,2,2,2,quartic_2,epsilon2,8,preserving,minus,10,77.037,-27.483,11,quartic_2_minus_l2_m2_n2.txt,0afe6281bec6a6224bfd55fe4600d5966c6a7135,https://github.com/pacmn91/BeyondKerrQNM,https://arxiv.org/abs/2409.04517,GPL-3.0
222,2,2,2,quartic_2,epsilon2,8,preserving,minus,11,-60.49,0.0,11,quartic_2_minus_l2_m2_n2.txt,0afe6281bec6a6224bfd55fe4600d5966c6a7135,https://github.com/pacmn91/BeyondKerrQNM,https://arxiv.org/abs/2409.04517,GPL-3.0
222,2,2,2,quartic_3,epsilon3,8,breaking,plus,0,1.1884,2.3361,11,quartic_3_plus_l2_m2_n2.txt,0afe6281bec6a6224bfd55fe4600d5966c6a7135,https://github.com/pacmn91/BeyondKerrQNM,https://arxiv.org/abs/2409.04517,GPL-3.0
222,2,2,2,quartic_3,epsilon3,8,breaking,plus,1,11.022,-0.29933,11,quartic_3_plus_l2_m2_n2.txt,0afe6281bec6a6224bfd55fe4600d5966c6a7135,https://github.com/pacmn91/BeyondKerrQNM,https://arxiv.org/abs/2409.04517,GPL-3.0
222,2,2,2,quartic_3,epsilon3,8,breaking,plus,2,1.2367,-37.033,11,quartic_3_plus_l2_m2_n2.txt,0afe6281bec6a6224bfd55fe4600d5966c6a7135,https://github.com/pacmn91/BeyondKerrQNM,https://arxiv.org/abs/2409.04517,GPL-3.0
222,2,2,2,quartic_3,epsilon3,8,breaking,plus,3,-85.554,-11.487,11,quartic_3_plus_l2_m2_n2.txt,0afe6281bec6a6224bfd55fe4600d5966c6a7135,https://github.com/pacmn91/BeyondKerrQNM,https://arxiv.org/abs/2409.04517,GPL-3.0
222,2,2,2,quartic_3,epsilon3,8,breaking,plus,4,-23.903,144.36,11,quartic_3_plus_l2_m2_n2.txt,0afe6281bec6a6224bfd55fe4600d5966c6a7135,https://github.com/pacmn91/BeyondKerrQNM,https://arxiv.org/abs/2409.04517,GPL-3.0
222,2,2,2,quartic_3,epsilon3,8,breaking,plus,5,195.57,28.607,11,quartic_3_plus_l2_m2_n2.txt,0afe6281bec6a6224bfd55fe4600d5966c6a7135,https://github.com/pacmn91/BeyondKerrQNM,https://arxiv.org/abs/2409.04517,GPL-3.0
222,2,2,2,quartic_3,epsilon3,8,breaking,plus,6,16.328,-202.89,11,quartic_3_plus_l2_m2_n2.txt,0afe6281bec6a6224bfd55fe4600d5966c6a7135,https://github.com/pacmn91/BeyondKerrQNM,https://arxiv.org/abs/2409.04517,GPL-3.0
222,2,2,2,quartic_3,epsilon3,8,breaking,plus,7,-154.83,23.392,11,quartic_3_plus_l2_m2_n2.txt,0afe6281bec6a6224bfd55fe4600d5966c6a7135,https://github.com/pacmn91/BeyondKerrQNM,https://arxiv.org/abs/2409.04517,GPL-3.0
222,2,2,2,quartic_3,epsilon3,8,breaking,plus,8,67.268,76.155,11,quartic_3_plus_l2_m2_n2.txt,0afe6281bec6a6224bfd55fe4600d5966c6a7135,https://github.com/pacmn91/BeyondKerrQNM,https://arxiv.org/abs/2409.04517,GPL-3.0
222,2,2,2,quartic_3,epsilon3,8,breaking,plus,9,-1.2661,-75.838,11,quartic_3_plus_l2_m2_n2.txt,0afe6281bec6a6224bfd55fe4600d5966c6a7135,https://github.com/pacmn91/BeyondKerrQNM,https://arxiv.org/abs/2409.04517,GPL-3.0
222,2,2,2,quartic_3,epsilon3,8,breaking,plus,10,-61.558,39.456,11,quartic_3_plus_l2_m2_n2.txt,0afe6281bec6a6224bfd55fe4600d5966c6a7135,https://github.com/pacmn91/BeyondKerrQNM,https://arxiv.org/abs/2409.04517,GPL-3.0
222,2,2,2,quartic_3,epsilon3,8,breaking,plus,11,31.022,0.0,11,quartic_3_plus_l2_m2_n2.txt,0afe6281bec6a6224bfd55fe4600d5966c6a7135,https://github.com/pacmn91/BeyondKerrQNM,https://arxiv.org/abs/2409.04517,GPL-3.0
222,2,2,2,quartic_3,epsilon3,8,breaking,minus,0,-1.1884,-2.3361,11,quartic_3_minus_l2_m2_n2.txt,0afe6281bec6a6224bfd55fe4600d5966c6a7135,https://github.com/pacmn91/BeyondKerrQNM,https://arxiv.org/abs/2409.04517,GPL-3.0
222,2,2,2,quartic_3,epsilon3,8,breaking,minus,1,-11.022,0.29933,11,quartic_3_minus_l2_m2_n2.txt,0afe6281bec6a6224bfd55fe4600d5966c6a7135,https://github.com/pacmn91/BeyondKerrQNM,https://arxiv.org/abs/2409.04517,GPL-3.0
222,2,2,2,quartic_3,epsilon3,8,breaking,minus,2,-1.2367,37.033,11,quartic_3_minus_l2_m2_n2.txt,0afe6281bec6a6224bfd55fe4600d5966c6a7135,https://github.com/pacmn91/BeyondKerrQNM,https://arxiv.org/abs/2409.04517,GPL-3.0
222,2,2,2,quartic_3,epsilon3,8,breaking,minus,3,85.554,11.487,11,quartic_3_minus_l2_m2_n2.txt,0afe6281bec6a6224bfd55fe4600d5966c6a7135,https://github.com/pacmn91/BeyondKerrQNM,https://arxiv.org/abs/2409.04517,GPL-3.0
222,2,2,2,quartic_3,epsilon3,8,breaking,minus,4,23.903,-144.36,11,quartic_3_minus_l2_m2_n2.txt,0afe6281bec6a6224bfd55fe4600d5966c6a7135,https://github.com/pacmn91/BeyondKerrQNM,https://arxiv.org/abs/2409.04517,GPL-3.0
222,2,2,2,quartic_3,epsilon3,8,breaking,minus,5,-195.57,-28.607,11,quartic_3_minus_l2_m2_n2.txt,0afe6281bec6a6224bfd55fe4600d5966c6a7135,https://github.com/pacmn91/BeyondKerrQNM,https://arxiv.org/abs/2409.04517,GPL-3.0
222,2,2,2,quartic_3,epsilon3,8,breaking,minus,6,-16.328,202.89,11,quartic_3_minus_l2_m2_n2.txt,0afe6281bec6a6224bfd55fe4600d5966c6a7135,https://github.com/pacmn91/BeyondKerrQNM,https://arxiv.org/abs/2409.04517,GPL-3.0
222,2,2,2,quartic_3,epsilon3,8,breaking,minus,7,154.83,-23.392,11,quartic_3_minus_l2_m2_n2.txt,0afe6281bec6a6224bfd55fe4600d5966c6a7135,https://github.com/pacmn91/BeyondKerrQNM,https://arxiv.org/abs/2409.04517,GPL-3.0
222,2,2,2,quartic_3,epsilon3,8,breaking,minus,8,-67.268,-76.155,11,quartic_3_minus_l2_m2_n2.txt,0afe6281bec6a6224bfd55fe4600d5966c6a7135,https://github.com/pacmn91/BeyondKerrQNM,https://arxiv.org/abs/2409.04517,GPL-3.0
222,2,2,2,quartic_3,epsilon3,8,breaking,minus,9,1.2661,75.838,11,quartic_3_minus_l2_m2_n2.txt,0afe6281bec6a6224bfd55fe4600d5966c6a7135,https://github.com/pacmn91/BeyondKerrQNM,https://arxiv.org/abs/2409.04517,GPL-3.0
222,2,2,2,quartic_3,epsilon3,8,breaking,minus,10,61.558,-39.456,11,quartic_3_minus_l2_m2_n2.txt,0afe6281bec6a6224bfd55fe4600d5966c6a7135,https://github.com/pacmn91/BeyondKerrQNM,https://arxiv.org/abs/2409.04517,GPL-3.0
222,2,2,2,quartic_3,epsilon3,8,breaking,minus,11,-31.022,0.0,11,quartic_3_minus_l2_m2_n2.txt,0afe6281bec6a6224bfd55fe4600d5966c6a7135,https://github.com/pacmn91/BeyondKerrQNM,https://arxiv.org/abs/2409.04517,GPL-3.0
330,3,3,0,cubic_even,lambda_ev,6,preserving,plus,0,-0.26504,0.15011,10,cubic_even_plus_l3_m3_n0.txt,0afe6281bec6a6224bfd55fe4600d5966c6a7135,https://github.com/pacmn91/BeyondKerrQNM,https://arxiv.org/abs/2409.04517,GPL-3.0
330,3,3,0,cubic_even,lambda_ev,6,preserving,plus,1,0.57011,0.42812,10,cubic_even_plus_l3_m3_n0.txt,0afe6281bec6a6224bfd55fe4600d5966c6a7135,https://github.com/pacmn91/BeyondKerrQNM,https://arxiv.org/abs/2409.04517,GPL-3.0
330,3,3,0,cubic_even,lambda_ev,6,preserving,plus,2,1.4091,-0.45415,10,cubic_even_plus_l3_m3_n0.txt,0afe6281bec6a6224bfd55fe4600d5966c6a7135,https://github.com/pacmn91/BeyondKerrQNM,https://arxiv.org/abs/2409.04517,GPL-3.0
330,3,3,0,cubic_even,lambda_ev,6,preserving,plus,3,0.50549,-1.614,10,cubic_even_plus_l3_m3_n0.txt,0afe6281bec6a6224bfd55fe4600d5966c6a7135,https://github.com/pacmn91/BeyondKerrQNM,https://arxiv.org/abs/2409.04517,GPL-3.0
330,3,3,0,cubic_even,lambda_ev,6,preserving,plus,4,-1.096,-1.0172,10,cubic_even_plus_l3_m3_n0.txt,0afe6281bec6a6224bfd55fe4600d5966c6a7135,https://github.com/pacmn91/BeyondKerrQNM,https://arxiv.org/abs/2409.04517,GPL-3.0
330,3,3,0,cubic_even,lambda_ev,6,preserving,plus,5,-1.1984,0.44618,10,cubic_even_plus_l3_m3_n0.txt,0afe6281bec6a6224bfd55fe4600d5966c6a7135,https://github.com/pacmn91/BeyondKerrQNM,https://arxiv.org/abs/2409.04517,GPL-3.0
330,3,3,0,cubic_even,lambda_ev,6,preserving,plus,6,-0.41291,0.83319,10,cubic_even_plus_l3_m3_n0.txt,0afe6281bec6a6224bfd55fe4600d5966c6a7135,https://github.com/pacmn91/BeyondKerrQNM,https://arxiv.org/abs/2409.04517,GPL-3.0
330,3,3,0,cubic_even,lambda_ev,6,preserving,plus,7,-0.16801,0.58161,10,cubic_even_plus_l3_m3_n0.txt,0afe6281bec6a6224bfd55fe4600d5966c6a7135,https://github.com/pacmn91/BeyondKerrQNM,https://arxiv.org/abs/2409.04517,GPL-3.0
330,3,3,0,cubic_even,lambda_ev,6,preserving,plus,8,-0.19403,0.6177,10,cubic_even_plus_l3_m3_n0.txt,0afe6281bec6a6224bfd55fe4600d5966c6a7135,https://github.com/pacmn91/BeyondKerrQNM,https://arxiv.org/abs/2409.04517,GPL-3.0
330,3,3,0,cubic_even,lambda_ev,6,preserving,plus,9,-0.087259,0.61567,10,cubic_even_plus_l3_m3_n0.txt,0afe6281bec6a6224bfd55fe4600d5966c6a7135,https://github.com/pacmn91/BeyondKerrQNM,https://arxiv.org/abs/2409.04517,GPL-3.0
330,3,3,0,cubic_even,lambda_ev,6,preserving,plus,10,0.0,0.24361,10,cubic_even_plus_l3_m3_n0.txt,0afe6281bec6a6224bfd55fe4600d5966c6a7135,https://github.com/pacmn91/BeyondKerrQNM,https://arxiv.org/abs/2409.04517,GPL-3.0
330,3,3,0,cubic_even,lambda_ev,6,preserving,minus,0,0.3426,-0.13403,10,cubic_even_minus_l3_m3_n0.txt,0afe6281bec6a6224bfd55fe4600d5966c6a7135,https://github.com/pacmn91/BeyondKerrQNM,https://arxiv.org/abs/2409.04517,GPL-3.0
330,3,3,0,cubic_even,lambda_ev,6,preserving,minus,1,-0.36828,-0.45467,10,cubic_even_minus_l3_m3_n0.txt,0afe6281bec6a6224bfd55fe4600d5966c6a7135,https://github.com/pacmn91/BeyondKerrQNM,https://arxiv.org/abs/2409.04517,GPL-3.0
330,3,3,0,cubic_even,lambda_ev,6,preserving,minus,2,-1.2993,0.30556,10,cubic_even_minus_l3_m3_n0.txt,0afe6281bec6a6224bfd55fe4600d5966c6a7135,https://github.com/pacmn91/BeyondKerrQNM,https://arxiv.org/abs/2409.04517,GPL-3.0
330,3,3,0,cubic_even,lambda_ev,6,preserving,minus,3,-0.63255,1.4792,10,cubic_even_minus_l3_m3_n0.txt,0afe6281bec6a6224bfd55fe4600d5966c6a7135,https://github.com/pacmn91/BeyondKerrQNM,https://arxiv.org/abs/2409.04517,GPL-3.0
330,3,3,0,cubic_even,lambda_ev,6,preserving,minus,4,0.84936,1.0875,10,cubic_even_minus_l3_m3_n0.txt,0afe6281bec6a6224bfd55fe4600d5966c6a7135,https://github.com/pacmn91/BeyondKerrQNM,https://arxiv.org/abs/2409.04517,GPL-3.0
330,3,3,0,cubic_even,lambda_ev,6,preserving,minus,5,1.0194,-0.20916,10,cubic_even_minus_l3_m3_n0.txt,0afe6281bec6a6224bfd55fe4600d5966c6a7135,https://github.com/pacmn91/BeyondKerrQNM,https://arxiv.org/abs/2409.04517,GPL-3.0
330,3,3,0,cubic_even,lambda_ev,6,preserving,minus,6,0.33114,-0.5779,10,cubic_even_minus_l3_m3_n0.txt,0afe6281bec6a6224bfd55fe4600d5966c6a7135,https://github.com/pacmn91/BeyondKerrQNM,https://arxiv.org/abs/2409.04517,GPL-3.0
330,3,3,0,cubic_even,lambda_ev,6,preserving,minus,7,0.126,-0.36573,10,cubic_even_minus_l3_m3_n0.txt,0afe6281bec6a6224bfd55fe4600d5966c6a7135,https://github.com/pacmn91/BeyondKerrQNM,https://arxiv.org/abs/2409.04517,GPL-3.0
330,3,3,0,cubic_even,lambda_ev,6,preserving,minus,8,0.17881,-0.39194,10,cubic_even_minus_l3_m3_n0.txt,0afe6281bec6a6224bfd55fe4600d5966c6a7135,https://github.com/pacmn91/BeyondKerrQNM,https://arxiv.org/abs/2409.04517,GPL-3.0
330,3,3,0,cubic_even,lambda_ev,6,preserving,minus,9,0.088813,-0.38285,10,cubic_even_minus_l3_m3_n0.txt,0afe6281bec6a6224bfd55fe4600d5966c6a7135,https://github.com/pacmn91/BeyondKerrQNM,https://arxiv.org/abs/2409.04517,GPL-3.0
330,3,3,0,cubic_even,lambda_ev,6,preserving,minus,10,0.0,-0.16027,10,cubic_even_minus_l3_m3_n0.txt,0afe6281bec6a6224bfd55fe4600d5966c6a7135,https://github.com/pacmn91/BeyondKerrQNM,https://arxiv.org/abs/2409.04517,GPL-3.0
330,3,3,0,cubic_odd,lambda_odd,6,breaking,plus,0,0.30427,-0.14249,10,cubic_odd_plus_l3_m3_n0.txt,0afe6281bec6a6224bfd55fe4600d5966c6a7135,https://github.com/pacmn91/BeyondKerrQNM,https://arxiv.org/abs/2409.04517,GPL-3.0
330,3,3,0,cubic_odd,lambda_odd,6,breaking,plus,1,-0.46945,-0.44271,10,cubic_odd_plus_l3_m3_n0.txt,0afe6281bec6a6224bfd55fe4600d5966c6a7135,https://github.com/pacmn91/BeyondKerrQNM,https://arxiv.org/abs/2409.04517,GPL-3.0
330,3,3,0,cubic_odd,lambda_odd,6,breaking,plus,2,-1.3574,0.37934,10,cubic_odd_plus_l3_m3_n0.txt,0afe6281bec6a6224bfd55fe4600d5966c6a7135,https://github.com/pacmn91/BeyondKerrQNM,https://arxiv.org/abs/2409.04517,GPL-3.0
330,3,3,0,cubic_odd,lambda_odd,6,breaking,plus,3,-0.57449,1.5501,10,cubic_odd_plus_l3_m3_n0.txt,0afe6281bec6a6224bfd55fe4600d5966c6a7135,https://github.com/pacmn91/BeyondKerrQNM,https://arxiv.org/abs/2409.04517,GPL-3.0
330,3,3,0,cubic_odd,lambda_odd,6,breaking,plus,4,0.96825,1.0603,10,cubic_odd_plus_l3_m3_n0.txt,0afe6281bec6a6224bfd55fe4600d5966c6a7135,https://github.com/pacmn91/BeyondKerrQNM,https://arxiv.org/abs/2409.04517,GPL-3.0
330,3,3,0,cubic_odd,lambda_odd,6,breaking,plus,5,1.1074,-0.31778,10,cubic_odd_plus_l3_m3_n0.txt,0afe6281bec6a6224bfd55fe4600d5966c6a7135,https://github.com/pacmn91/BeyondKerrQNM,https://arxiv.org/abs/2409.04517,GPL-3.0
330,3,3,0,cubic_odd,lambda_odd,6,breaking,plus,6,0.37248,-0.69466,10,cubic_odd_plus_l3_m3_n0.txt,0afe6281bec6a6224bfd55fe4600d5966c6a7135,https://github.com/pacmn91/BeyondKerrQNM,https://arxiv.org/abs/2409.04517,GPL-3.0
330,3,3,0,cubic_odd,lambda_odd,6,breaking,plus,7,0.14992,-0.46703,10,cubic_odd_plus_l3_m3_n0.txt,0afe6281bec6a6224bfd55fe4600d5966c6a7135,https://github.com/pacmn91/BeyondKerrQNM,https://arxiv.org/abs/2409.04517,GPL-3.0
330,3,3,0,cubic_odd,lambda_odd,6,breaking,plus,8,0.19176,-0.51203,10,cubic_odd_plus_l3_m3_n0.txt,0afe6281bec6a6224bfd55fe4600d5966c6a7135,https://github.com/pacmn91/BeyondKerrQNM,https://arxiv.org/abs/2409.04517,GPL-3.0
330,3,3,0,cubic_odd,lambda_odd,6,breaking,plus,9,0.090382,-0.49782,10,cubic_odd_plus_l3_m3_n0.txt,0afe6281bec6a6224bfd55fe4600d5966c6a7135,https://github.com/pacmn91/BeyondKerrQNM,https://arxiv.org/abs/2409.04517,GPL-3.0
330,3,3,0,cubic_odd,lambda_odd,6,breaking,plus,10,0.0,-0.1798,10,cubic_odd_plus_l3_m3_n0.txt,0afe6281bec6a6224bfd55fe4600d5966c6a7135,https://github.com/pacmn91/BeyondKerrQNM,https://arxiv.org/abs/2409.04517,GPL-3.0
330,3,3,0,cubic_odd,lambda_odd,6,breaking,minus,0,-0.30427,0.14249,10,cubic_odd_minus_l3_m3_n0.txt,0afe6281bec6a6224bfd55fe4600d5966c6a7135,https://github.com/pacmn91/BeyondKerrQNM,https://arxiv.org/abs/2409.04517,GPL-3.0
330,3,3,0,cubic_odd,lambda_odd,6,breaking,minus,1,0.46945,0.44271,10,cubic_odd_minus_l3_m3_n0.txt,0afe6281bec6a6224bfd55fe4600d5966c6a7135,https://github.com/pacmn91/BeyondKerrQNM,https://arxiv.org/abs/2409.04517,GPL-3.0
330,3,3,0,cubic_odd,lambda_odd,6,breaking,minus,2,1.3574,-0.37934,10,cubic_odd_minus_l3_m3_n0.txt,0afe6281bec6a6224bfd55fe4600d5966c6a7135,https://github.com/pacmn91/BeyondKerrQNM,https://arxiv.org/abs/2409.04517,GPL-3.0
330,3,3,0,cubic_odd,lambda_odd,6,breaking,minus,3,0.57449,-1.5501,10,cubic_odd_minus_l3_m3_n0.txt,0afe6281bec6a6224bfd55fe4600d5966c6a7135,https://github.com/pacmn91/BeyondKerrQNM,https://arxiv.org/abs/2409.04517,GPL-3.0
330,3,3,0,cubic_odd,lambda_odd,6,breaking,minus,4,-0.96825,-1.0603,10,cubic_odd_minus_l3_m3_n0.txt,0afe6281bec6a6224bfd55fe4600d5966c6a7135,https://github.com/pacmn91/BeyondKerrQNM,https://arxiv.org/abs/2409.04517,GPL-3.0
330,3,3,0,cubic_odd,lambda_odd,6,breaking,minus,5,-1.1074,0.31778,10,cubic_odd_minus_l3_m3_n0.txt,0afe6281bec6a6224bfd55fe4600d5966c6a7135,https://github.com/pacmn91/BeyondKerrQNM,https://arxiv.org/abs/2409.04517,GPL-3.0
330,3,3,0,cubic_odd,lambda_odd,6,breaking,minus,6,-0.37248,0.69466,10,cubic_odd_minus_l3_m3_n0.txt,0afe6281bec6a6224bfd55fe4600d5966c6a7135,https://github.com/pacmn91/BeyondKerrQNM,https://arxiv.org/abs/2409.04517,GPL-3.0
330,3,3,0,cubic_odd,lambda_odd,6,breaking,minus,7,-0.14992,0.46703,10,cubic_odd_minus_l3_m3_n0.txt,0afe6281bec6a6224bfd55fe4600d5966c6a7135,https://github.com/pacmn91/BeyondKerrQNM,https://arxiv.org/abs/2409.04517,GPL-3.0
330,3,3,0,cubic_odd,lambda_odd,6,breaking,minus,8,-0.19176,0.51203,10,cubic_odd_minus_l3_m3_n0.txt,0afe6281bec6a6224bfd55fe4600d5966c6a7135,https://github.com/pacmn91/BeyondKerrQNM,https://arxiv.org/abs/2409.04517,GPL-3.0
330,3,3,0,cubic_odd,lambda_odd,6,breaking,minus,9,-0.090382,0.49782,10,cubic_odd_minus_l3_m3_n0.txt,0afe6281bec6a6224bfd55fe4600d5966c6a7135,https://github.com/pacmn91/BeyondKerrQNM,https://arxiv.org/abs/2409.04517,GPL-3.0
330,3,3,0,cubic_odd,lambda_odd,6,breaking,minus,10,0.0,0.1798,10,cubic_odd_minus_l3_m3_n0.txt,0afe6281bec6a6224bfd55fe4600d5966c6a7135,https://github.com/pacmn91/BeyondKerrQNM,https://arxiv.org/abs/2409.04517,GPL-3.0
330,3,3,0,quartic_1,epsilon1,8,preserving,plus,0,-0.64085,-0.59474,9,quartic_1_plus_l3_m3_n0.txt,0afe6281bec6a6224bfd55fe4600d5966c6a7135,https://github.com/pacmn91/BeyondKerrQNM,https://arxiv.org/abs/2409.04517,GPL-3.0
330,3,3,0,quartic_1,epsilon1,8,preserving,plus,1,-1.792,-0.6271,9,quartic_1_plus_l3_m3_n0.txt,0afe6281bec6a6224bfd55fe4600d5966c6a7135,https://github.com/pacmn91/BeyondKerrQNM,https://arxiv.org/abs/2409.04517,GPL-3.0
330,3,3,0,quartic_1,epsilon1,8,preserving,plus,2,-2.945,-0.028286,9,quartic_1_plus_l3_m3_n0.txt,0afe6281bec6a6224bfd55fe4600d5966c6a7135,https://github.com/pacmn91/BeyondKerrQNM,https://arxiv.org/abs/2409.04517,GPL-3.0
330,3,3,0,quartic_1,epsilon1,8,preserving,plus,3,-3.4515,1.5353,9,quartic_1_plus_l3_m3_n0.txt,0afe6281bec6a6224bfd55fe4600d5966c6a7135,https://github.com/pacmn91/BeyondKerrQNM,https://arxiv.org/abs/2409.04517,GPL-3.0
330,3,3,0,quartic_1,epsilon1,8,preserving,plus,4,-1.8246,2.7905,9,quartic_1_plus_l3_m3_n0.txt,0afe6281bec6a6224bfd55fe4600d5966c6a7135,https://github.com/pacmn91/BeyondKerrQNM,https://arxiv.org/abs/2409.04517,GPL-3.0
330,3,3,0,quartic_1,epsilon1,8,preserving,plus,5,-0.039741,0.8287,9,quartic_1_plus_l3_m3_n0.txt,0afe6281bec6a6224bfd55fe4600d5966c6a7135,https://github.com/pacmn91/BeyondKerrQNM,https://arxiv.org/abs/2409.04517,GPL-3.0
330,3,3,0,quartic_1,epsilon1,8,preserving,plus,6,0.0,-1.4413,9,quartic_1_plus_l3_m3_n0.txt,0afe6281bec6a6224bfd55fe4600d5966c6a7135,https://github.com/pacmn91/BeyondKerrQNM,https://arxiv.org/abs/2409.04517,GPL-3.0
330,3,3,0,quartic_1,epsilon1,8,preserving,plus,7,0.0,-0.91116,9,quartic_1_plus_l3_m3_n0.txt,0afe6281bec6a6224bfd55fe4600d5966c6a7135,https://github.com/pacmn91/BeyondKerrQNM,https://arxiv.org/abs/2409.04517,GPL-3.0
330,3,3,0,quartic_1,epsilon1,8,preserving,plus,8,0.0,-0.26679,9,quartic_1_plus_l3_m3_n0.txt,0afe6281bec6a6224bfd55fe4600d5966c6a7135,https://github.com/pacmn91/BeyondKerrQNM,https://arxiv.org/abs/2409.04517,GPL-3.0
330,3,3,0,quartic_1,epsilon1,8,preserving,plus,9,0.0,-0.35017,9,quartic_1_plus_l3_m3_n0.txt,0afe6281bec6a6224bfd55fe4600d5966c6a7135,https://github.com/pacmn91/BeyondKerrQNM,https://arxiv.org/abs/2409.04517,GPL-3.0
330,3,3,0,quartic_1,epsilon1,8,preserving,minus,0,0.0062639,-0.040268,10,quartic_1_minus_l3_m3_n0.txt,0afe6281bec6a6224bfd55fe4600d5966c6a7135,https://github.com/pacmn91/BeyondKerrQNM,https://arxiv.org/abs/2409.04517,GPL-3.0
330,3,3,0,quartic_1,epsilon1,8,preserving,minus,1,-0.12651,0.13706,10,quartic_1_minus_l3_m3_n0.txt,0afe6281bec6a6224bfd55fe4600d5966c6a7135,https://github.com/pacmn91/BeyondKerrQNM,https://arxiv.org/abs/2409.04517,GPL-3.0
330,3,3,0,quartic_1,epsilon1,8,preserving,minus,2,0.20346,-0.031321,10,quartic_1_minus_l3_m3_n0.txt,0afe6281bec6a6224bfd55fe4600d5966c6a7135,https://github.com/pacmn91/BeyondKerrQNM,https://arxiv.org/abs/2409.04517,GPL-3.0
330,3,3,0,quartic_1,epsilon1,8,preserving,minus,3,0.10002,-1.6207,10,quartic_1_minus_l3_m3_n0.txt,0afe6281bec6a6224bfd55fe4600d5966c6a7135,https://github.com/pacmn91/BeyondKerrQNM,https://arxiv.org/abs/2409.04517,GPL-3.0
330,3,3,0,quartic_1,epsilon1,8,preserving,minus,4,-2.1507,-2.8501,10,quartic_1_minus_l3_m3_n0.txt,0afe6281bec6a6224bfd55fe4600d5966c6a7135,https://github.com/pacmn91/BeyondKerrQNM,https://arxiv.org/abs/2409.04517,GPL-3.0
330,3,3,0,quartic_1,epsilon1,8,preserving,minus,5,-4.3847,-1.1689,10,quartic_1_minus_l3_m3_n0.txt,0afe6281bec6a6224bfd55fe4600d5966c6a7135,https://github.com/pacmn91/BeyondKerrQNM,https://arxiv.org/abs/2409.04517,GPL-3.0
330,3,3,0,quartic_1,epsilon1,8,preserving,minus,6,-3.568,1.0023,10,quartic_1_minus_l3_m3_n0.txt,0afe6281bec6a6224bfd55fe4600d5966c6a7135,https://github.com/pacmn91/BeyondKerrQNM,https://arxiv.org/abs/2409.04517,GPL-3.0
330,3,3,0,quartic_1,epsilon1,8,preserving,minus,7,-2.0285,0.76706,10,quartic_1_minus_l3_m3_n0.txt,0afe6281bec6a6224bfd55fe4600d5966c6a7135,https://github.com/pacmn91/BeyondKerrQNM,https://arxiv.org/abs/2409.04517,GPL-3.0
330,3,3,0,quartic_1,epsilon1,8,preserving,minus,8,-2.5617,0.062106,10,quartic_1_minus_l3_m3_n0.txt,0afe6281bec6a6224bfd55fe4600d5966c6a7135,https://github.com/pacmn91/BeyondKerrQNM,https://arxiv.org/abs/2409.04517,GPL-3.0
330,3,3,0,quartic_1,epsilon1,8,preserving,minus,9,-3.5122,0.0,10,quartic_1_minus_l3_m3_n0.txt,0afe6281bec6a6224bfd55fe4600d5966c6a7135,https://github.com/pacmn91/BeyondKerrQNM,https://arxiv.org/abs/2409.04517,GPL-3.0
330,3,3,0,quartic_1,epsilon1,8,preserving,minus,10,-2.2676,0.0,10,quartic_1_minus_l3_m3_n0.txt,0afe6281bec6a6224bfd55fe4600d5966c6a7135,https://github.com/pacmn91/BeyondKerrQNM,https://arxiv.org/abs/2409.04517,GPL-3.0
330,3,3,0,quartic_2,epsilon2,8,preserving,plus,0,0.0,0.0,14,quartic_2_plus_l3_m3_n0.txt,0afe6281bec6a6224bfd55fe4600d5966c6a7135,https://github.com/pacmn91/BeyondKerrQNM,https://arxiv.org/abs/2409.04517,GPL-3.0
330,3,3,0,quartic_2,epsilon2,8,preserving,plus,1,-0.24613,0.17262,14,quartic_2_plus_l3_m3_n0.txt,0afe6281bec6a6224bfd55fe4600d5966c6a7135,https://github.com/pacmn91/BeyondKerrQNM,https://arxiv.org/abs/2409.04517,GPL-3.0
330,3,3,0,quartic_2,epsilon2,8,preserving,plus,2,0.13745,0.035268,14,quartic_2_plus_l3_m3_n0.txt,0afe6281bec6a6224bfd55fe4600d5966c6a7135,https://github.com/pacmn91/BeyondKerrQNM,https://arxiv.org/abs/2409.04517,GPL-3.0
330,3,3,0,quartic_2,epsilon2,8,preserving,plus,3,-0.13996,-1.4876,14,quartic_2_plus_l3_m3_n0.txt,0afe6281bec6a6224bfd55fe4600d5966c6a7135,https://github.com/pacmn91/BeyondKerrQNM,https://arxiv.org/abs/2409.04517,GPL-3.0
330,3,3,0,quartic_2,epsilon2,8,preserving,plus,4,-2.8626,-2.4038,14,quartic_2_plus_l3_m3_n0.txt,0afe6281bec6a6224bfd55fe4600d5966c6a7135,https://github.com/pacmn91/BeyondKerrQNM,https://arxiv.org/abs/2409.04517,GPL-3.0
330,3,3,0,quartic_2,epsilon2,8,preserving,plus,5,-5.2045,-0.25624,14,quartic_2_plus_l3_m3_n0.txt,0afe6281bec6a6224bfd55fe4600d5966c6a7135,https://github.com/pacmn91/BeyondKerrQNM,https://arxiv.org/abs/2409.04517,GPL-3.0
330,3,3,0,quartic_2,epsilon2,8,preserving,plus,6,-4.2951,2.0997,14,quartic_2_plus_l3_m3_n0.txt,0afe6281bec6a6224bfd55fe4600d5966c6a7135,https://github.com/pacmn91/BeyondKerrQNM,https://arxiv.org/abs/2409.04517,GPL-3.0
330,3,3,0,quartic_2,epsilon2,8,preserving,plus,7,-2.8056,1.7668,14,quartic_2_plus_l3_m3_n0.txt,0afe6281bec6a6224bfd55fe4600d5966c6a7135,https://github.com/pacmn91/BeyondKerrQNM,https://arxiv.org/abs/2409.04517,GPL-3.0
330,3,3,0,quartic_2,epsilon2,8,preserving,plus,8,-3.0599,1.0821,14,quartic_2_plus_l3_m3_n0.txt,0afe6281bec6a6224bfd55fe4600d5966c6a7135,https://github.com/pacmn91/BeyondKerrQNM,https://arxiv.org/abs/2409.04517,GPL-3.0
330,3,3,0,quartic_2,epsilon2,8,preserving,plus,9,-3.1379,1.0991,14,quartic_2_plus_l3_m3_n0.txt,0afe6281bec6a6224bfd55fe4600d5966c6a7135,https://github.com/pacmn91/BeyondKerrQNM,https://arxiv.org/abs/2409.04517,GPL-3.0
330,3,3,0,quartic_2,epsilon2,8,preserving,plus,10,-2.7318,0.87009,14,quartic_2_plus_l3_m3_n0.txt,0afe6281bec6a6224bfd55fe4600d5966c6a7135,https://github.com/pacmn91/BeyondKerrQNM,https://arxiv.org/abs/2409.04517,GPL-3.0
330,3,3,0,quartic_2,epsilon2,8,preserving,plus,11,-2.7167,1.1617,14,quartic_2_plus_l3_m3_n0.txt,0afe6281bec6a6224bfd55fe4600d5966c6a7135,https://github.com/pacmn91/BeyondKerrQNM,https://arxiv.org/abs/2409.04517,GPL-3.0
330,3,3,0,quartic_2,epsilon2,8,preserving,plus,12,-4.0696,0.99426,14,quartic_2_plus_l3_m3_n0.txt,0afe6281bec6a6224bfd55fe4600d5966c6a7135,https://github.com/pacmn91/BeyondKerrQNM,https://arxiv.org/abs/2409.04517,GPL-3.0
330,3,3,0,quartic_2,epsilon2,8,preserving,plus,13,-5.304,0.0043493,14,quartic_2_plus_l3_m3_n0.txt,0afe6281bec6a6224bfd55fe4600d5966c6a7135,https://github.com/pacmn91/BeyondKerrQNM,https://arxiv.org/abs/2409.04517,GPL-3.0
330,3,3,0,quartic_2,epsilon2,8,preserving,plus,14,-2.7757,0.0,14,quartic_2_plus_l3_m3_n0.txt,0afe6281bec6a6224bfd55fe4600d5966c6a7135,https://github.com/pacmn91/BeyondKerrQNM,https://arxiv.org/abs/2409.04517,GPL-3.0
330,3,3,0,quartic_2,epsilon2,8,preserving,minus,0,-0.63383,-0.7061,13,quartic_2_minus_l3_m3_n0.txt,0afe6281bec6a6224bfd55fe4600d5966c6a7135,https://github.com/pacmn91/BeyondKerrQNM,https://arxiv.org/abs/2409.04517,GPL-3.0
330,3,3,0,quartic_2,epsilon2,8,preserving,minus,1,-1.7287,-0.9568,13,quartic_2_minus_l3_m3_n0.txt,0afe6281bec6a6224bfd55fe4600d5966c6a7135,https://github.com/pacmn91/BeyondKerrQNM,https://arxiv.org/abs/2409.04517,GPL-3.0
330,3,3,0,quartic_2,epsilon2,8,preserving,minus,2,-2.6267,-0.60737,13,quartic_2_minus_l3_m3_n0.txt,0afe6281bec6a6224bfd55fe4600d5966c6a7135,https://github.com/pacmn91/BeyondKerrQNM,https://arxiv.org/abs/2409.04517,GPL-3.0
330,3,3,0,quartic_2,epsilon2,8,preserving,minus,3,-3.0642,0.81931,13,quartic_2_minus_l3_m3_n0.txt,0afe6281bec6a6224bfd55fe4600d5966c6a7135,https://github.com/pacmn91/BeyondKerrQNM,https://arxiv.org/abs/2409.04517,GPL-3.0
330,3,3,0,quartic_2,epsilon2,8,preserving,minus,4,-1.4028,2.1835,13,quartic_2_minus_l3_m3_n0.txt,0afe6281bec6a6224bfd55fe4600d5966c6a7135,https://github.com/pacmn91/BeyondKerrQNM,https://arxiv.org/abs/2409.04517,GPL-3.0
330,3,3,0,quartic_2,epsilon2,8,preserving,minus,5,0.60802,0.55765,13,quartic_2_minus_l3_m3_n0.txt,0afe6281bec6a6224bfd55fe4600d5966c6a7135,https://github.com/pacmn91/BeyondKerrQNM,https://arxiv.org/abs/2409.04517,GPL-3.0
330,3,3,0,quartic_2,epsilon2,8,preserving,minus,6,-0.49789,-1.6186,13,quartic_2_minus_l3_m3_n0.txt,0afe6281bec6a6224bfd55fe4600d5966c6a7135,https://github.com/pacmn91/BeyondKerrQNM,https://arxiv.org/abs/2409.04517,GPL-3.0
330,3,3,0,quartic_2,epsilon2,8,preserving,minus,7,-2.0549,-1.1777,13,quartic_2_minus_l3_m3_n0.txt,0afe6281bec6a6224bfd55fe4600d5966c6a7135,https://github.com/pacmn91/BeyondKerrQNM,https://arxiv.org/abs/2409.04517,GPL-3.0
330,3,3,0,quartic_2,epsilon2,8,preserving,minus,8,-2.3704,-0.50272,13,quartic_2_minus_l3_m3_n0.txt,0afe6281bec6a6224bfd55fe4600d5966c6a7135,https://github.com/pacmn91/BeyondKerrQNM,https://arxiv.org/abs/2409.04517,GPL-3.0
330,3,3,0,quartic_2,epsilon2,8,preserving,minus,9,-2.6905,-0.94935,13,quartic_2_minus_l3_m3_n0.txt,0afe6281bec6a6224bfd55fe4600d5966c6a7135,https://github.com/pacmn91/BeyondKerrQNM,https://arxiv.org/abs/2409.04517,GPL-3.0
330,3,3,0,quartic_2,epsilon2,8,preserving,minus,10,-0.27301,-0.96443,13,quartic_2_minus_l3_m3_n0.txt,0afe6281bec6a6224bfd55fe4600d5966c6a7135,https://github.com/pacmn91/BeyondKerrQNM,https://arxiv.org/abs/2409.04517,GPL-3.0
330,3,3,0,quartic_2,epsilon2,8,preserving,minus,11,1.1302,0.0,13,quartic_2_minus_l3_m3_n0.txt,0afe6281bec6a6224bfd55fe4600d5966c6a7135,https://github.com/pacmn91/BeyondKerrQNM,https://arxiv.org/abs/2409.04517,GPL-3.0
330,3,3,0,quartic_2,epsilon2,8,preserving,minus,12,-8.4305,0.0,13,quartic_2_minus_l3_m3_n0.txt,0afe6281bec6a6224bfd55fe4600d5966c6a7135,https://github.com/pacmn91/BeyondKerrQNM,https://arxiv.org/abs/2409.04517,GPL-3.0
330,3,3,0,quartic_2,epsilon2,8,preserving,minus,13,-11.602,0.0,13,quartic_2_minus_l3_m3_n0.txt,0afe6281bec6a6224bfd55fe4600d5966c6a7135,https://github.com/pacmn91/BeyondKerrQNM,https://arxiv.org/abs/2409.04517,GPL-3.0
330,3,3,0,quartic_3,epsilon3,8,breaking,plus,0,0.32096,0.31552,10,quartic_3_plus_l3_m3_n0.txt,0afe6281bec6a6224bfd55fe4600d5966c6a7135,https://github.com/pacmn91/BeyondKerrQNM,https://arxiv.org/abs/2409.04517,GPL-3.0
330,3,3,0,quartic_3,epsilon3,8,breaking,plus,1,0.79007,0.47443,10,quartic_3_plus_l3_m3_n0.txt,0afe6281bec6a6224bfd55fe4600d5966c6a7135,https://github.com/pacmn91/BeyondKerrQNM,https://arxiv.org/abs/2409.04517,GPL-3.0
330,3,3,0,quartic_3,epsilon3,8,breaking,plus,2,1.4881,0.16078,10,quartic_3_plus_l3_m3_n0.txt,0afe6281bec6a6224bfd55fe4600d5966c6a7135,https://github.com/pacmn91/BeyondKerrQNM,https://arxiv.org/abs/2409.04517,GPL-3.0
330,3,3,0,quartic_3,epsilon3,8,breaking,plus,3,1.6338,-1.3686,10,quartic_3_plus_l3_m3_n0.txt,0afe6281bec6a6224bfd55fe4600d5966c6a7135,https://github.com/pacmn91/BeyondKerrQNM,https://arxiv.org/abs/2409.04517,GPL-3.0
330,3,3,0,quartic_3,epsilon3,8,breaking,plus,4,-0.48974,-2.5669,10,quartic_3_plus_l3_m3_n0.txt,0afe6281bec6a6224bfd55fe4600d5966c6a7135,https://github.com/pacmn91/BeyondKerrQNM,https://arxiv.org/abs/2409.04517,GPL-3.0
330,3,3,0,quartic_3,epsilon3,8,breaking,plus,5,-2.6184,-0.71568,10,quartic_3_plus_l3_m3_n0.txt,0afe6281bec6a6224bfd55fe4600d5966c6a7135,https://github.com/pacmn91/BeyondKerrQNM,https://arxiv.org/abs/2409.04517,GPL-3.0
330,3,3,0,quartic_3,epsilon3,8,breaking,plus,6,-1.5654,1.5238,10,quartic_3_plus_l3_m3_n0.txt,0afe6281bec6a6224bfd55fe4600d5966c6a7135,https://github.com/pacmn91/BeyondKerrQNM,https://arxiv.org/abs/2409.04517,GPL-3.0
330,3,3,0,quartic_3,epsilon3,8,breaking,plus,7,-0.0038271,1.1105,10,quartic_3_plus_l3_m3_n0.txt,0afe6281bec6a6224bfd55fe4600d5966c6a7135,https://github.com/pacmn91/BeyondKerrQNM,https://arxiv.org/abs/2409.04517,GPL-3.0
330,3,3,0,quartic_3,epsilon3,8,breaking,plus,8,0.0,0.47557,10,quartic_3_plus_l3_m3_n0.txt,0afe6281bec6a6224bfd55fe4600d5966c6a7135,https://github.com/pacmn91/BeyondKerrQNM,https://arxiv.org/abs/2409.04517,GPL-3.0
330,3,3,0,quartic_3,epsilon3,8,breaking,plus,9,0.0,0.79446,10,quartic_3_plus_l3_m3_n0.txt,0afe6281bec6a6224bfd55fe4600d5966c6a7135,https://github.com/pacmn91/BeyondKerrQNM,https://arxiv.org/abs/2409.04517,GPL-3.0
330,3,3,0,quartic_3,epsilon3,8,breaking,plus,10,0.0,0.56026,10,quartic_3_plus_l3_m3_n0.txt,0afe6281bec6a6224bfd55fe4600d5966c6a7135,https://github.com/pacmn91/BeyondKerrQNM,https://arxiv.org/abs/2409.04517,GPL-3.0
330,3,3,0,quartic_3,epsilon3,8,breaking,minus,0,-0.32096,-0.31552,10,quartic_3_minus_l3_m3_n0.txt,0afe6281bec6a6224bfd55fe4600d5966c6a7135,https://github.com/pacmn91/BeyondKerrQNM,https://arxiv.org/abs/2409.04517,GPL-3.0
330,3,3,0,quartic_3,epsilon3,8,breaking,minus,1,-0.79007,-0.47443,10,quartic_3_minus_l3_m3_n0.txt,0afe6281bec6a6224bfd55fe4600d5966c6a7135,https://github.com/pacmn91/BeyondKerrQNM,https://arxiv.org/abs/2409.04517,GPL-3.0
330,3,3,0,quartic_3,epsilon3,8,breaking,minus,2,-1.4881,-0.16078,10,quartic_3_minus_l3_m3_n0.txt,0afe6281bec6a6224bfd55fe4600d5966c6a7135,https://github.com/pacmn91/BeyondKerrQNM,https://arxiv.org/abs/2409.04517,GPL-3.0
330,3,3,0,quartic_3,epsilon3,8,breaking,minus,3,-1.6338,1.3686,10,quartic_3_minus_l3_m3_n0.txt,0afe6281bec6a6224bfd55fe4600d5966c6a7135,https://github.com/pacmn91/BeyondKerrQNM,https://arxiv.org/abs/2409.04517,GPL-3.0
330,3,3,0,quartic_3,epsilon3,8,breaking,minus,4,0.48974,2.5669,10,quartic_3_minus_l3_m3_n0.txt,0afe6281bec6a6224bfd55fe4600d5966c6a7135,https://github.com/pacmn91/BeyondKerrQNM,https://arxiv.org/abs/2409.04517,GPL-3.0
330,3,3,0,quartic_3,epsilon3,8,breaking,minus,5,2.6184,0.71568,10,quartic_3_minus_l3_m3_n0.txt,0afe6281bec6a6224bfd55fe4600d5966c6a7135,https://github.com/pacmn91/BeyondKerrQNM,https://arxiv.org/abs/2409.04517,GPL-3.0
330,3,3,0,quartic_3,epsilon3,8,breaking,minus,6,1.5654,-1.5238,10,quartic_3_minus_l3_m3_n0.txt,0afe6281bec6a6224bfd55fe4600d5966c6a7135,https://github.com/pacmn91/BeyondKerrQNM,https://arxiv.org/abs/2409.04517,GPL-3.0
330,3,3,0,quartic_3,epsilon3,8,breaking,minus,7,0.0038271,-1.1105,10,quartic_3_minus_l3_m3_n0.txt,0afe6281bec6a6224bfd55fe4600d5966c6a7135,https://github.com/pacmn91/BeyondKerrQNM,https://arxiv.org/abs/2409.04517,GPL-3.0
330,3,3,0,quartic_3,epsilon3,8,breaking,minus,8,0.0,-0.47557,10,quartic_3_minus_l3_m3_n0.txt,0afe6281bec6a6224bfd55fe4600d5966c6a7135,https://github.com/pacmn91/BeyondKerrQNM,https://arxiv.org/abs/2409.04517,GPL-3.0
330,3,3,0,quartic_3,epsilon3,8,breaking,minus,9,0.0,-0.79446,10,quartic_3_minus_l3_m3_n0.txt,0afe6281bec6a6224bfd55fe4600d5966c6a7135,https://github.com/pacmn91/BeyondKerrQNM,https://arxiv.org/abs/2409.04517,GPL-3.0
330,3,3,0,quartic_3,epsilon3,8,breaking,minus,10,0.0,-0.56026,10,quartic_3_minus_l3_m3_n0.txt,0afe6281bec6a6224bfd55fe4600d5966c6a7135,https://github.com/pacmn91/BeyondKerrQNM,https://arxiv.org/abs/2409.04517,GPL-3.0
440,4,4,0,cubic_even,lambda_ev,6,preserving,plus,0,-0.36565,0.14762,8,cubic_even_plus_l4_m4_n0.txt,0afe6281bec6a6224bfd55fe4600d5966c6a7135,https://github.com/pacmn91/BeyondKerrQNM,https://arxiv.org/abs/2409.04517,GPL-3.0
440,4,4,0,cubic_even,lambda_ev,6,preserving,plus,1,0.67942,0.41231,8,cubic_even_plus_l4_m4_n0.txt,0afe6281bec6a6224bfd55fe4600d5966c6a7135,https://github.com/pacmn91/BeyondKerrQNM,https://arxiv.org/abs/2409.04517,GPL-3.0
440,4,4,0,cubic_even,lambda_ev,6,preserving,plus,2,1.5027,-0.36253,8,cubic_even_plus_l4_m4_n0.txt,0afe6281bec6a6224bfd55fe4600d5966c6a7135,https://github.com/pacmn91/BeyondKerrQNM,https://arxiv.org/abs/2409.04517,GPL-3.0
440,4,4,0,cubic_even,lambda_ev,6,preserving,plus,3,0.82762,-1.2893,8,cubic_even_plus_l4_m4_n0.txt,0afe6281bec6a6224bfd55fe4600d5966c6a7135,https://github.com/pacmn91/BeyondKerrQNM,https://arxiv.org/abs/2409.04517,GPL-3.0
440,4,4,0,cubic_even,lambda_ev,6,preserving,plus,4,-0.45611,-1.0512,8,cubic_even_plus_l4_m4_n0.txt,0afe6281bec6a6224bfd55fe4600d5966c6a7135,https://github.com/pacmn91/BeyondKerrQNM,https://arxiv.org/abs/2409.04517,GPL-3.0
440,4,4,0,cubic_even,lambda_ev,6,preserving,plus,5,-1.0016,-0.12238,8,cubic_even_plus_l4_m4_n0.txt,0afe6281bec6a6224bfd55fe4600d5966c6a7135,https://github.com/pacmn91/BeyondKerrQNM,https://arxiv.org/abs/2409.04517,GPL-3.0
440,4,4,0,cubic_even,lambda_ev,6,preserving,plus,6,-0.90886,0.50642,8,cubic_even_plus_l4_m4_n0.txt,0afe6281bec6a6224bfd55fe4600d5966c6a7135,https://github.com/pacmn91/BeyondKerrQNM,https://arxiv.org/abs/2409.04517,GPL-3.0
440,4,4,0,cubic_even,lambda_ev,6,preserving,plus,7,-0.4595,0.79194,8,cubic_even_plus_l4_m4_n0.txt,0afe6281bec6a6224bfd55fe4600d5966c6a7135,https://github.com/pacmn91/BeyondKerrQNM,https://arxiv.org/abs/2409.04517,GPL-3.0
440,4,4,0,cubic_even,lambda_ev,6,preserving,plus,8,0.15037,0.50824,8,cubic_even_plus_l4_m4_n0.txt,0afe6281bec6a6224bfd55fe4600d5966c6a7135,https://github.com/pacmn91/BeyondKerrQNM,https://arxiv.org/abs/2409.04517,GPL-3.0
440,4,4,0,cubic_even,lambda_ev,6,preserving,minus,0,0.44366,-0.13449,9,cubic_even_minus_l4_m4_n0.txt,0afe6281bec6a6224bfd55fe4600d5966c6a7135,https://github.com/pacmn91/BeyondKerrQNM,https://arxiv.org/abs/2409.04517,GPL-3.0
440,4,4,0,cubic_even,lambda_ev,6,preserving,minus,1,-0.4873,-0.40538,9,cubic_even_minus_l4_m4_n0.txt,0afe6281bec6a6224bfd55fe4600d5966c6a7135,https://github.com/pacmn91/BeyondKerrQNM,https://arxiv.org/abs/2409.04517,GPL-3.0
440,4,4,0,cubic_even,lambda_ev,6,preserving,minus,2,-1.3842,0.3212,9,cubic_even_minus_l4_m4_n0.txt,0afe6281bec6a6224bfd55fe4600d5966c6a7135,https://github.com/pacmn91/BeyondKerrQNM,https://arxiv.org/abs/2409.04517,GPL-3.0
440,4,4,0,cubic_even,lambda_ev,6,preserving,minus,3,-0.84268,1.2373,9,cubic_even_minus_l4_m4_n0.txt,0afe6281bec6a6224bfd55fe4600d5966c6a7135,https://github.com/pacmn91/BeyondKerrQNM,https://arxiv.org/abs/2409.04517,GPL-3.0
440,4,4,0,cubic_even,lambda_ev,6,preserving,minus,4,0.36598,1.0619,9,cubic_even_minus_l4_m4_n0.txt,0afe6281bec6a6224bfd55fe4600d5966c6a7135,https://github.com/pacmn91/BeyondKerrQNM,https://arxiv.org/abs/2409.04517,GPL-3.0
440,4,4,0,cubic_even,lambda_ev,6,preserving,minus,5,0.87515,0.19467,9,cubic_even_minus_l4_m4_n0.txt,0afe6281bec6a6224bfd55fe4600d5966c6a7135,https://github.com/pacmn91/BeyondKerrQNM,https://arxiv.org/abs/2409.04517,GPL-3.0
440,4,4,0,cubic_even,lambda_ev,6,preserving,minus,6,0.65227,-0.41372,9,cubic_even_minus_l4_m4_n0.txt,0afe6281bec6a6224bfd55fe4600d5966c6a7135,https://github.com/pacmn91/BeyondKerrQNM,https://arxiv.org/abs/2409.04517,GPL-3.0
440,4,4,0,cubic_even,lambda_ev,6,preserving,minus,7,0.25487,-0.59136,9,cubic_even_minus_l4_m4_n0.txt,0afe6281bec6a6224bfd55fe4600d5966c6a7135,https://github.com/pacmn91/BeyondKerrQNM,https://arxiv.org/abs/2409.04517,GPL-3.0
440,4,4,0,cubic_even,lambda_ev,6,preserving,minus,8,0.32232,-0.24612,9,cubic_even_minus_l4_m4_n0.txt,0afe6281bec6a6224bfd55fe4600d5966c6a7135,https://github.com/pacmn91/BeyondKerrQNM,https://arxiv.org/abs/2409.04517,GPL-3.0
440,4,4,0,cubic_even,lambda_ev,6,preserving,minus,9,0.57983,0.0,9,cubic_even_minus_l4_m4_n0.txt,0afe6281bec6a6224bfd55fe4600d5966c6a7135,https://github.com/pacmn91/BeyondKerrQNM,https://arxiv.org/abs/2409.04517,GPL-3.0
440,4,4,0,cubic_odd,lambda_odd,6,breaking,plus,0,0.40479,-0.14114,8,cubic_odd_plus_l4_m4_n0.txt,0afe6281bec6a6224bfd55fe4600d5966c6a7135,https://github.com/pacmn91/BeyondKerrQNM,https://arxiv.org/abs/2409.04517,GPL-3.0
440,4,4,0,cubic_odd,lambda_odd,6,breaking,plus,1,-0.58331,-0.40912,8,cubic_odd_plus_l4_m4_n0.txt,0afe6281bec6a6224bfd55fe4600d5966c6a7135,https://github.com/pacmn91/BeyondKerrQNM,https://arxiv.org/abs/2409.04517,GPL-3.0
440,4,4,0,cubic_odd,lambda_odd,6,breaking,plus,2,-1.4439,0.34156,8,cubic_odd_plus_l4_m4_n0.txt,0afe6281bec6a6224bfd55fe4600d5966c6a7135,https://github.com/pacmn91/BeyondKerrQNM,https://arxiv.org/abs/2409.04517,GPL-3.0
440,4,4,0,cubic_odd,lambda_odd,6,breaking,plus,3,-0.83908,1.2638,8,cubic_odd_plus_l4_m4_n0.txt,0afe6281bec6a6224bfd55fe4600d5966c6a7135,https://github.com/pacmn91/BeyondKerrQNM,https://arxiv.org/abs/2409.04517,GPL-3.0
440,4,4,0,cubic_odd,lambda_odd,6,breaking,plus,4,0.40168,1.0623,8,cubic_odd_plus_l4_m4_n0.txt,0afe6281bec6a6224bfd55fe4600d5966c6a7135,https://github.com/pacmn91/BeyondKerrQNM,https://arxiv.org/abs/2409.04517,GPL-3.0
440,4,4,0,cubic_odd,lambda_odd,6,breaking,plus,5,0.97421,0.16324,8,cubic_odd_plus_l4_m4_n0.txt,0afe6281bec6a6224bfd55fe4600d5966c6a7135,https://github.com/pacmn91/BeyondKerrQNM,https://arxiv.org/abs/2409.04517,GPL-3.0
440,4,4,0,cubic_odd,lambda_odd,6,breaking,plus,6,0.8867,-0.50075,8,cubic_odd_plus_l4_m4_n0.txt,0afe6281bec6a6224bfd55fe4600d5966c6a7135,https://github.com/pacmn91/BeyondKerrQNM,https://arxiv.org/abs/2409.04517,GPL-3.0
440,4,4,0,cubic_odd,lambda_odd,6,breaking,plus,7,0.23059,-0.71505,8,cubic_odd_plus_l4_m4_n0.txt,0afe6281bec6a6224bfd55fe4600d5966c6a7135,https://github.com/pacmn91/BeyondKerrQNM,https://arxiv.org/abs/2409.04517,GPL-3.0
440,4,4,0,cubic_odd,lambda_odd,6,breaking,plus,8,-0.3907,-0.26873,8,cubic_odd_plus_l4_m4_n0.txt,0afe6281bec6a6224bfd55fe4600d5966c6a7135,https://github.com/pacmn91/BeyondKerrQNM,https://arxiv.org/abs/2409.04517,GPL-3.0
440,4,4,0,cubic_odd,lambda_odd,6,breaking,minus,0,-0.40479,0.14114,8,cubic_odd_minus_l4_m4_n0.txt,0afe6281bec6a6224bfd55fe4600d5966c6a7135,https://github.com/pacmn91/BeyondKerrQNM,https://arxiv.org/abs/2409.04517,GPL-3.0
440,4,4,0,cubic_odd,lambda_odd,6,breaking,minus,1,0.58331,0.40912,8,cubic_odd_minus_l4_m4_n0.txt,0afe6281bec6a6224bfd55fe4600d5966c6a7135,https://github.com/pacmn91/BeyondKerrQNM,https://arxiv.org/abs/2409.04517,GPL-3.0
440,4,4,0,cubic_odd,lambda_odd,6,breaking,minus,2,1.4439,-0.34156,8,cubic_odd_minus_l4_m4_n0.txt,0afe6281bec6a6224bfd55fe4600d5966c6a7135,https://github.com/pacmn91/BeyondKerrQNM,https://arxiv.org/abs/2409.04517,GPL-3.0
440,4,4,0,cubic_odd,lambda_odd,6,breaking,minus,3,0.83908,-1.2638,8,cubic_odd_minus_l4_m4_n0.txt,0afe6281bec6a6224bfd55fe4600d5966c6a7135,https://github.com/pacmn91/BeyondKerrQNM,https://arxiv.org/abs/2409.04517,GPL-3.0
440,4,4,0,cubic_odd,lambda_odd,6,breaking,minus,4,-0.40168,-1.0623,8,cubic_odd_minus_l4_m4_n0.txt,0afe6281bec6a6224bfd55fe4600d5966c6a7135,https://github.com/pacmn91/BeyondKerrQNM,https://arxiv.org/abs/2409.04517,GPL-3.0
440,4,4,0,cubic_odd,lambda_odd,6,breaking,minus,5,-0.97421,-0.16324,8,cubic_odd_minus_l4_m4_n0.txt,0afe6281bec6a6224bfd55fe4600d5966c6a7135,https://github.com/pacmn91/BeyondKerrQNM,https://arxiv.org/abs/2409.04517,GPL-3.0
440,4,4,0,cubic_odd,lambda_odd,6,breaking,minus,6,-0.8867,0.50075,8,cubic_odd_minus_l4_m4_n0.txt,0afe6281bec6a6224bfd55fe4600d5966c6a7135,https://github.com/pacmn91/BeyondKerrQNM,https://arxiv.org/abs/2409.04517,GPL-3.0
440,4,4,0,cubic_odd,lambda_odd,6,breaking,minus,7,-0.23059,0.71505,8,cubic_odd_minus_l4_m4_n0.txt,0afe6281bec6a6224bfd55fe4600d5966c6a7135,https://github.com/pacmn91/BeyondKerrQNM,https://arxiv.org/abs/2409.04517,GPL-3.0
440,4,4,0,cubic_odd,lambda_odd,6,breaking,minus,8,0.3907,0.26873,8,cubic_odd_minus_l4_m4_n0.txt,0afe6281bec6a6224bfd55fe4600d5966c6a7135,https://github.com/pacmn91/BeyondKerrQNM,https://arxiv.org/abs/2409.04517,GPL-3.0
440,4,4,0,quartic_1,epsilon1,8,preserving,plus,0,-1.4251,-1.0763,6,quartic_1_plus_l4_m4_n0.txt,0afe6281bec6a6224bfd55fe4600d5966c6a7135,https://github.com/pacmn91/BeyondKerrQNM,https://arxiv.org/abs/2409.04517,GPL-3.0
440,4,4,0,quartic_1,epsilon1,8,preserving,plus,1,-3.7356,-1.1049,6,quartic_1_plus_l4_m4_n0.txt,0afe6281bec6a6224bfd55fe4600d5966c6a7135,https://github.com/pacmn91/BeyondKerrQNM,https://arxiv.org/abs/2409.04517,GPL-3.0
440,4,4,0,quartic_1,epsilon1,8,preserving,plus,2,-5.4085,-0.091817,6,quartic_1_plus_l4_m4_n0.txt,0afe6281bec6a6224bfd55fe4600d5966c6a7135,https://github.com/pacmn91/BeyondKerrQNM,https://arxiv.org/abs/2409.04517,GPL-3.0
440,4,4,0,quartic_1,epsilon1,8,preserving,plus,3,-5.9391,1.2201,6,quartic_1_plus_l4_m4_n0.txt,0afe6281bec6a6224bfd55fe4600d5966c6a7135,https://github.com/pacmn91/BeyondKerrQNM,https://arxiv.org/abs/2409.04517,GPL-3.0
440,4,4,0,quartic_1,epsilon1,8,preserving,plus,4,-5.5687,2.2497,6,quartic_1_plus_l4_m4_n0.txt,0afe6281bec6a6224bfd55fe4600d5966c6a7135,https://github.com/pacmn91/BeyondKerrQNM,https://arxiv.org/abs/2409.04517,GPL-3.0
440,4,4,0,quartic_1,epsilon1,8,preserving,plus,5,-4.4494,1.7828,6,quartic_1_plus_l4_m4_n0.txt,0afe6281bec6a6224bfd55fe4600d5966c6a7135,https://github.com/pacmn91/BeyondKerrQNM,https://arxiv.org/abs/2409.04517,GPL-3.0
440,4,4,0,quartic_1,epsilon1,8,preserving,plus,6,0.36604,0.57276,6,quartic_1_plus_l4_m4_n0.txt,0afe6281bec6a6224bfd55fe4600d5966c6a7135,https://github.com/pacmn91/BeyondKerrQNM,https://arxiv.org/abs/2409.04517,GPL-3.0
440,4,4,0,quartic_1,epsilon1,8,preserving,minus,0,0.040075,-0.018273,7,quartic_1_minus_l4_m4_n0.txt,0afe6281bec6a6224bfd55fe4600d5966c6a7135,https://github.com/pacmn91/BeyondKerrQNM,https://arxiv.org/abs/2409.04517,GPL-3.0
440,4,4,0,quartic_1,epsilon1,8,preserving,minus,1,-0.03443,0.075,7,quartic_1_minus_l4_m4_n0.txt,0afe6281bec6a6224bfd55fe4600d5966c6a7135,https://github.com/pacmn91/BeyondKerrQNM,https://arxiv.org/abs/2409.04517,GPL-3.0
440,4,4,0,quartic_1,epsilon1,8,preserving,minus,2,-0.25979,-0.35126,7,quartic_1_minus_l4_m4_n0.txt,0afe6281bec6a6224bfd55fe4600d5966c6a7135,https://github.com/pacmn91/BeyondKerrQNM,https://arxiv.org/abs/2409.04517,GPL-3.0
440,4,4,0,quartic_1,epsilon1,8,preserving,minus,3,-1.1301,-1.5375,7,quartic_1_minus_l4_m4_n0.txt,0afe6281bec6a6224bfd55fe4600d5966c6a7135,https://github.com/pacmn91/BeyondKerrQNM,https://arxiv.org/abs/2409.04517,GPL-3.0
440,4,4,0,quartic_1,epsilon1,8,preserving,minus,4,-2.882,-2.3737,7,quartic_1_minus_l4_m4_n0.txt,0afe6281bec6a6224bfd55fe4600d5966c6a7135,https://github.com/pacmn91/BeyondKerrQNM,https://arxiv.org/abs/2409.04517,GPL-3.0
440,4,4,0,quartic_1,epsilon1,8,preserving,minus,5,-4.6949,-1.5698,7,quartic_1_minus_l4_m4_n0.txt,0afe6281bec6a6224bfd55fe4600d5966c6a7135,https://github.com/pacmn91/BeyondKerrQNM,https://arxiv.org/abs/2409.04517,GPL-3.0
440,4,4,0,quartic_1,epsilon1,8,preserving,minus,6,-7.4273,0.14099,7,quartic_1_minus_l4_m4_n0.txt,0afe6281bec6a6224bfd55fe4600d5966c6a7135,https://github.com/pacmn91/BeyondKerrQNM,https://arxiv.org/abs/2409.04517,GPL-3.0
440,4,4,0,quartic_1,epsilon1,8,preserving,minus,7,-7.6688,0.0,7,quartic_1_minus_l4_m4_n0.txt,0afe6281bec6a6224bfd55fe4600d5966c6a7135,https://github.com/pacmn91/BeyondKerrQNM,https://arxiv.org/abs/2409.04517,GPL-3.0
440,4,4,0,quartic_2,epsilon2,8,preserving,plus,0,1.9802e-05,0.0,9,quartic_2_plus_l4_m4_n0.txt,0afe6281bec6a6224bfd55fe4600d5966c6a7135,https://github.com/pacmn91/BeyondKerrQNM,https://arxiv.org/abs/2409.04517,GPL-3.0
440,4,4,0,quartic_2,epsilon2,8,preserving,plus,1,-0.22905,0.06806,9,quartic_2_plus_l4_m4_n0.txt,0afe6281bec6a6224bfd55fe4600d5966c6a7135,https://github.com/pacmn91/BeyondKerrQNM,https://arxiv.org/abs/2409.04517,GPL-3.0
440,4,4,0,quartic_2,epsilon2,8,preserving,plus,2,-0.30271,-0.30801,9,quartic_2_plus_l4_m4_n0.txt,0afe6281bec6a6224bfd55fe4600d5966c6a7135,https://github.com/pacmn91/BeyondKerrQNM,https://arxiv.org/abs/2409.04517,GPL-3.0
440,4,4,0,quartic_2,epsilon2,8,preserving,plus,3,-1.105,-1.3563,9,quartic_2_plus_l4_m4_n0.txt,0afe6281bec6a6224bfd55fe4600d5966c6a7135,https://github.com/pacmn91/BeyondKerrQNM,https://arxiv.org/abs/2409.04517,GPL-3.0
440,4,4,0,quartic_2,epsilon2,8,preserving,plus,4,-3.169,-1.9797,9,quartic_2_plus_l4_m4_n0.txt,0afe6281bec6a6224bfd55fe4600d5966c6a7135,https://github.com/pacmn91/BeyondKerrQNM,https://arxiv.org/abs/2409.04517,GPL-3.0
440,4,4,0,quartic_2,epsilon2,8,preserving,plus,5,-5.529,-1.2384,9,quartic_2_plus_l4_m4_n0.txt,0afe6281bec6a6224bfd55fe4600d5966c6a7135,https://github.com/pacmn91/BeyondKerrQNM,https://arxiv.org/abs/2409.04517,GPL-3.0
440,4,4,0,quartic_2,epsilon2,8,preserving,plus,6,-8.4291,0.17298,9,quartic_2_plus_l4_m4_n0.txt,0afe6281bec6a6224bfd55fe4600d5966c6a7135,https://github.com/pacmn91/BeyondKerrQNM,https://arxiv.org/abs/2409.04517,GPL-3.0
440,4,4,0,quartic_2,epsilon2,8,preserving,plus,7,-7.5657,2.556,9,quartic_2_plus_l4_m4_n0.txt,0afe6281bec6a6224bfd55fe4600d5966c6a7135,https://github.com/pacmn91/BeyondKerrQNM,https://arxiv.org/abs/2409.04517,GPL-3.0
440,4,4,0,quartic_2,epsilon2,8,preserving,plus,8,0.0,3.2749,9,quartic_2_plus_l4_m4_n0.txt,0afe6281bec6a6224bfd55fe4600d5966c6a7135,https://github.com/pacmn91/BeyondKerrQNM,https://arxiv.org/abs/2409.04517,GPL-3.0
440,4,4,0,quartic_2,epsilon2,8,preserving,plus,9,0.0,-2.1032,9,quartic_2_plus_l4_m4_n0.txt,0afe6281bec6a6224bfd55fe4600d5966c6a7135,https://github.com/pacmn91/BeyondKerrQNM,https://arxiv.org/abs/2409.04517,GPL-3.0
440,4,4,0,quartic_2,epsilon2,8,preserving,minus,0,-1.4132,-1.1662,7,quartic_2_minus_l4_m4_n0.txt,0afe6281bec6a6224bfd55fe4600d5966c6a7135,https://github.com/pacmn91/BeyondKerrQNM,https://arxiv.org/abs/2409.04517,GPL-3.0
440,4,4,0,quartic_2,epsilon2,8,preserving,minus,1,-3.7116,-1.3857,7,quartic_2_minus_l4_m4_n0.txt,0afe6281bec6a6224bfd55fe4600d5966c6a7135,https://github.com/pacmn91/BeyondKerrQNM,https://arxiv.org/abs/2409.04517,GPL-3.0
440,4,4,0,quartic_2,epsilon2,8,preserving,minus,2,-4.9954,-0.54038,7,quartic_2_minus_l4_m4_n0.txt,0afe6281bec6a6224bfd55fe4600d5966c6a7135,https://github.com/pacmn91/BeyondKerrQNM,https://arxiv.org/abs/2409.04517,GPL-3.0
440,4,4,0,quartic_2,epsilon2,8,preserving,minus,3,-5.214,0.70955,7,quartic_2_minus_l4_m4_n0.txt,0afe6281bec6a6224bfd55fe4600d5966c6a7135,https://github.com/pacmn91/BeyondKerrQNM,https://arxiv.org/abs/2409.04517,GPL-3.0
440,4,4,0,quartic_2,epsilon2,8,preserving,minus,4,-4.4177,1.7723,7,quartic_2_minus_l4_m4_n0.txt,0afe6281bec6a6224bfd55fe4600d5966c6a7135,https://github.com/pacmn91/BeyondKerrQNM,https://arxiv.org/abs/2409.04517,GPL-3.0
440,4,4,0,quartic_2,epsilon2,8,preserving,minus,5,-3.4095,1.2056,7,quartic_2_minus_l4_m4_n0.txt,0afe6281bec6a6224bfd55fe4600d5966c6a7135,https://github.com/pacmn91/BeyondKerrQNM,https://arxiv.org/abs/2409.04517,GPL-3.0
440,4,4,0,quartic_2,epsilon2,8,preserving,minus,6,-3.0231,-0.28973,7,quartic_2_minus_l4_m4_n0.txt,0afe6281bec6a6224bfd55fe4600d5966c6a7135,https://github.com/pacmn91/BeyondKerrQNM,https://arxiv.org/abs/2409.04517,GPL-3.0
440,4,4,0,quartic_2,epsilon2,8,preserving,minus,7,-1.041,0.0,7,quartic_2_minus_l4_m4_n0.txt,0afe6281bec6a6224bfd55fe4600d5966c6a7135,https://github.com/pacmn91/BeyondKerrQNM,https://arxiv.org/abs/2409.04517,GPL-3.0
440,4,4,0,quartic_3,epsilon3,8,breaking,plus,0,0.71989,0.55619,7,quartic_3_plus_l4_m4_n0.txt,0afe6281bec6a6224bfd55fe4600d5966c6a7135,https://github.com/pacmn91/BeyondKerrQNM,https://arxiv.org/abs/2409.04517,GPL-3.0
440,4,4,0,quartic_3,epsilon3,8,breaking,plus,1,1.7972,0.6588,7,quartic_3_plus_l4_m4_n0.txt,0afe6281bec6a6224bfd55fe4600d5966c6a7135,https://github.com/pacmn91/BeyondKerrQNM,https://arxiv.org/abs/2409.04517,GPL-3.0
440,4,4,0,quartic_3,epsilon3,8,breaking,plus,2,2.4668,-0.0061078,7,quartic_3_plus_l4_m4_n0.txt,0afe6281bec6a6224bfd55fe4600d5966c6a7135,https://github.com/pacmn91/BeyondKerrQNM,https://arxiv.org/abs/2409.04517,GPL-3.0
440,4,4,0,quartic_3,epsilon3,8,breaking,plus,3,2.2422,-1.2098,7,quartic_3_plus_l4_m4_n0.txt,0afe6281bec6a6224bfd55fe4600d5966c6a7135,https://github.com/pacmn91/BeyondKerrQNM,https://arxiv.org/abs/2409.04517,GPL-3.0
440,4,4,0,quartic_3,epsilon3,8,breaking,plus,4,0.86468,-2.1126,7,quartic_3_plus_l4_m4_n0.txt,0afe6281bec6a6224bfd55fe4600d5966c6a7135,https://github.com/pacmn91/BeyondKerrQNM,https://arxiv.org/abs/2409.04517,GPL-3.0
440,4,4,0,quartic_3,epsilon3,8,breaking,plus,5,-0.7351,-1.3607,7,quartic_3_plus_l4_m4_n0.txt,0afe6281bec6a6224bfd55fe4600d5966c6a7135,https://github.com/pacmn91/BeyondKerrQNM,https://arxiv.org/abs/2409.04517,GPL-3.0
440,4,4,0,quartic_3,epsilon3,8,breaking,plus,6,-2.1294,0.21135,7,quartic_3_plus_l4_m4_n0.txt,0afe6281bec6a6224bfd55fe4600d5966c6a7135,https://github.com/pacmn91/BeyondKerrQNM,https://arxiv.org/abs/2409.04517,GPL-3.0
440,4,4,0,quartic_3,epsilon3,8,breaking,plus,7,-2.6393,0.0,7,quartic_3_plus_l4_m4_n0.txt,0afe6281bec6a6224bfd55fe4600d5966c6a7135,https://github.com/pacmn91/BeyondKerrQNM,https://arxiv.org/abs/2409.04517,GPL-3.0
440,4,4,0,quartic_3,epsilon3,8,breaking,minus,0,-0.71989,-0.55619,7,quartic_3_minus_l4_m4_n0.txt,0afe6281bec6a6224bfd55fe4600d5966c6a7135,https://github.com/pacmn91/BeyondKerrQNM,https://arxiv.org/abs/2409.04517,GPL-3.0
440,4,4,0,quartic_3,epsilon3,8,breaking,minus,1,-1.7972,-0.6588,7,quartic_3_minus_l4_m4_n0.txt,0afe6281bec6a6224bfd55fe4600d5966c6a7135,https://github.com/pacmn91/BeyondKerrQNM,https://arxiv.org/abs/2409.04517,GPL-3.0
440,4,4,0,quartic_3,epsilon3,8,breaking,minus,2,-2.4668,0.0061078,7,quartic_3_minus_l4_m4_n0.txt,0afe6281bec6a6224bfd55fe4600d5966c6a7135,https://github.com/pacmn91/BeyondKerrQNM,https://arxiv.org/abs/2409.04517,GPL-3.0
440,4,4,0,quartic_3,epsilon3,8,breaking,minus,3,-2.2422,1.2098,7,quartic_3_minus_l4_m4_n0.txt,0afe6281bec6a6224bfd55fe4600d5966c6a7135,https://github.com/pacmn91/BeyondKerrQNM,https://arxiv.org/abs/2409.04517,GPL-3.0
440,4,4,0,quartic_3,epsilon3,8,breaking,minus,4,-0.86468,2.1126,7,quartic_3_minus_l4_m4_n0.txt,0afe6281bec6a6224bfd55fe4600d5966c6a7135,https://github.com/pacmn91/BeyondKerrQNM,https://arxiv.org/abs/2409.04517,GPL-3.0
440,4,4,0,quartic_3,epsilon3,8,breaking,minus,5,0.7351,1.3607,7,quartic_3_minus_l4_m4_n0.txt,0afe6281bec6a6224bfd55fe4600d5966c6a7135,https://github.com/pacmn91/BeyondKerrQNM,https://arxiv.org/abs/2409.04517,GPL-3.0
440,4,4,0,quartic_3,epsilon3,8,breaking,minus,6,2.1294,-0.21135,7,quartic_3_minus_l4_m4_n0.txt,0afe6281bec6a6224bfd55fe4600d5966c6a7135,https://github.com/pacmn91/BeyondKerrQNM,https://arxiv.org/abs/2409.04517,GPL-3.0
440,4,4,0,quartic_3,epsilon3,8,breaking,minus,7,2.6393,0.0,7,quartic_3_minus_l4_m4_n0.txt,0afe6281bec6a6224bfd55fe4600d5966c6a7135,https://github.com/pacmn91/BeyondKerrQNM,https://arxiv.org/abs/2409.04517,GPL-3.0
